id,Speciality,Vacancy,Date,Date (Квартал),AvgSalary,salary_to,salary_from,salary_currency,employer_name,Year,area_name,lat,lon
1,Аналитик,Analyst,02/07/21,1,110000,140000,80000,RUR,LATOKEN,2021,Москва,55.755864,37.617698
2,Аналитик,Analyst,12/07/20,4,,,,,evrone.ru,2020,Москва,55.755865,37.617699
3,Аналитик,Analyst,11/15/20,4,,,,,evrone.ru,2020,Москва,55.755866,37.617700
4,Аналитик,Analyst (Big Data influencer marketing product),05/01/20,2,,,,,WhoIsBlogger (WIB),2020,Москва,55.755867,37.617701
5,Аналитик,Analyst (CI.External data and triggers),03/23/20,1,,,,,"ОТП Банк, АО (OTP bank)",2020,Москва,55.755868,37.617702
6,Аналитик,Analyst (Operations),04/15/20,2,105000,150000,60000,RUR,LATOKEN,2020,Москва,55.755869,37.617703
7,Аналитик,"Analyst (Аналитик, команда Клиентской аналитики, Корп.блок)",03/10/21,1,,,,,Сбербанк,2021,Москва,55.755870,37.617704
8,Аналитик,"Analyst (Аналитик, команда Клиентской аналитики, Корп.блок)",06/21/21,2,,,,,Сбербанк,2021,Москва,55.755871,37.617705
9,Аналитик,Analyst BI,11/25/21,4,,,,,Криптериум,2021,Москва,55.755872,37.617706
10,Аналитик,Analyst for Google consumer apps,03/30/21,1,,,,,Media Direction Group,2021,Москва,55.755873,37.617707
11,Аналитик,Analyst Mobile,12/11/20,4,110000,140000,80000,RUR,LATOKEN,2020,Москва,55.755874,37.617708
12,Аналитик,Analyst Payments,11/11/20,4,110000,140000,80000,RUR,LATOKEN,2020,Москва,55.755875,37.617709
13,Аналитик,"Analyst, команда 'Аналитика и AI'",04/20/21,2,,,,,Сбербанк,2021,Москва,55.755876,37.617710
14,Аналитик,Application Security Analyst (Аналитик по безопасности приложений),09/02/20,3,,,,,Luxoft,2020,Санкт-Петербург,59.9386301,30.3141301
15,Аналитик,Application Security Analyst Intern,09/01/20,3,,,,,Luxoft,2020,Санкт-Петербург,59.9386301,30.3141301
16,Аналитик,Application Support Analyst (Bioinformatics),05/11/20,2,,,,,Дженстек,2020,Санкт-Петербург,59.9386301,30.3141301
17,Аналитик,Application Support Analyst (Bioinformatics),04/10/20,2,,,,,Дженстек,2020,Санкт-Петербург,59.9386301,30.3141301
18,Аналитик,"B2B Data Scientist (Python, SQL)",05/11/21,2,,,,,HEINEKEN Russia,2021,Москва,55.755881,37.617715
19,Аналитик,BI analyst/ Data analyst,12/14/20,4,,,,,InsightWhale,2020,Екатеринбург,56.8386326,60.6054887
20,Аналитик,BI analyst/ Data analyst,03/17/21,1,,,,,InsightWhale,2021,Алматы,43.2567,76.9286
21,Аналитик,BI аналитик,08/30/20,3,,,,,inDriver,2020,Москва,55.755884,37.617718
22,Аналитик,BI аналитик,01/11/21,1,,,,,Делориан Медиа,2021,Санкт-Петербург,59.9386301,30.3141301
23,Аналитик,BI аналитик,05/26/21,2,,,,,МТС,2021,Москва,55.755886,37.617720
24,Аналитик,BI аналитик,11/12/21,4,150000,150000,,RUR,Diamond Personnel R&C,2021,Москва,55.755887,37.617721
25,Аналитик,BI аналитик (Tableau),09/11/20,3,125000,150000,100000,RUR,Руформ,2020,Москва,55.755888,37.617722
26,Аналитик,BI аналитик (Tableau),03/16/20,1,,,,,Руформ,2020,Москва,55.755889,37.617723
27,Аналитик,BI аналитик / Data Engineer,03/25/20,1,250000,250000,,RUR,Star-staff,2020,Москва,55.755890,37.617724
28,Аналитик,BI аналитик junior,08/02/21,3,90000,90000,,RUR,Antal Russia,2021,Москва,55.755891,37.617725
29,Аналитик,BI-стажер/аналитик данных,03/22/21,1,70000,80000,60000,RUR,ТехАудит,2021,Москва,55.755892,37.617726
30,Аналитик,Business Analyst / Бизнес-аналитик,08/26/21,3,,,,,Procter & Gamble,2021,Москва,55.755893,37.617727
31,Аналитик,Business Data Scientist (Cyprus),06/11/21,2,,,,,Exness,2021,Москва,55.755894,37.617728
32,Аналитик,Business Data Scientist (Cyprus),04/02/21,2,,,,,Exness,2021,Москва,55.755895,37.617729
33,Аналитик,"Business Development (Strategy, Analytics, Project Management, Market Research) – Analyst",05/08/20,2,,,,,OZON.ru,2020,Москва,55.755896,37.617730
34,Аналитик,Business intelligence analyst,11/10/20,4,,,,,Синезис,2020,Минск,53.9000000,27.5666700
35,Аналитик,Business Intelligence Analyst,10/13/21,4,,,,,Pfizer,2021,Москва,55.755898,37.617732
36,Аналитик,Business Intelligence Analyst,09/21/21,3,,,,,"EPAM Systems, Inc.",2021,Москва,55.755899,37.617733
37,Аналитик,Business Intelligence Analyst / Business Analyst Finance,09/11/21,3,200000,200000,,RUR,LATOKEN,2021,Москва,55.755900,37.617734
38,Аналитик,Business Intelligence Analyst / Business Analyst Finance,09/11/21,3,200000,200000,,RUR,LATOKEN,2021,Санкт-Петербург,59.9386301,30.3141301
39,Аналитик,Chief data scientist / Team-lead DS,11/30/21,4,,,,,СК Сбербанк страхование жизни,2021,Москва,55.755902,37.617736
40,Аналитик,CJE / Аналитик в команду Smart антифрод (Data Science),02/14/21,1,,,,,ДомКлик,2021,Москва,55.755903,37.617737
41,Аналитик,CJE/UX-исследователь/UX-аналитик (виртуальный ассистент),08/28/21,3,,,,,Сбербанк,2021,Москва,55.755904,37.617738
42,Аналитик,"Cloud Data Scientist (AWS, remote)",10/25/21,4,300000,,300000,RUR,ClearScale,2021,Москва,55.755905,37.617739
43,Аналитик,"Cloud Data Scientist (AWS, remote)",07/19/21,3,300000,,300000,RUR,ClearScale,2021,Москва,55.755906,37.617740
44,Аналитик,"Cloud Data Scientist (AWS, remote)",07/19/21,3,350000,,350000,RUR,ClearScale,2021,Санкт-Петербург,59.9386301,30.3141301
45,Аналитик,Cloud Data Scientist (remote),04/09/21,2,200000,,200000,RUR,ClearScale,2021,Москва,55.755908,37.617742
46,Аналитик,Cloud Data Scientist (remote),06/21/21,2,200000,,200000,RUR,ClearScale,2021,Москва,55.755909,37.617743
47,Аналитик,Computer Linguist Analyst,11/29/21,4,,,,,"Intento, Inc.",2021,Москва,55.755910,37.617744
48,Аналитик,Computer Vision / Data scientist CV,03/23/20,1,150000,200000,100000,RUR,АлгоМост,2020,Москва,55.755911,37.617745
49,Аналитик,CRM Analyst,09/22/21,3,200000,,200000,RUR,LATOKEN,2021,Москва,55.755912,37.617746
50,Аналитик,CRM Analyst,10/15/21,4,200000,,200000,RUR,LATOKEN,2021,Москва,55.755913,37.617747
51,Аналитик,CRM Analyst/ Business Analyst,11/18/21,4,,,,,LATOKEN,2021,Екатеринбург,56.8386326,60.6054887
52,Аналитик,CRM Data Scientist / CRM Data Analyst,03/20/20,1,,,,,Dentsu Aegis Network Russia,2020,Москва,55.755915,37.617749
53,Аналитик,Cистемный аналитик (System Analyst) Jira,04/18/21,2,,,,,Media Instinct Group,2021,Москва,55.755916,37.617750
54,Аналитик,Data Analyst,09/01/20,3,,,,,Mediascope,2020,Москва,55.755917,37.617751
55,Аналитик,Data Analyst,11/04/20,4,,,,,Cloud Linux,2020,Минск,53.9000000,27.5666700
56,Аналитик,Data Analyst,08/25/20,3,,,,,Ozon,2020,Москва,55.755919,37.617753
57,Аналитик,Data Analyst,08/11/20,3,,,,,Студия Кефир,2020,Москва,55.755920,37.617754
58,Аналитик,Data Analyst,09/08/20,3,,,,,Vigrom Corp.,2020,Москва,55.755921,37.617755
59,Аналитик,Data Analyst,08/26/20,3,,,,,Сбербанк,2020,Москва,55.755922,37.617756
60,Аналитик,Data Analyst,08/19/20,3,,,,,AIC,2020,Москва,55.755923,37.617757
61,Аналитик,Data Analyst,08/29/20,3,,,,,Студия Кефир,2020,Москва,55.755924,37.617758
62,Аналитик,Data Analyst,12/28/20,4,3000,3000,,USD,UniSender,2020,Москва,55.755925,37.617759
63,Аналитик,Data analyst,01/09/21,1,,,,,Химтех,2021,Санкт-Петербург,59.9386301,30.3141301
64,Аналитик,Data Analyst,09/09/20,3,,,,,Сбербанк,2020,Москва,55.755927,37.617761
65,Аналитик,Data Analyst,08/20/21,3,,,,,Сбербанк,2021,Москва,55.755928,37.617762
66,Аналитик,Data Analyst,02/23/21,1,85000,100000,70000,RUR,МАГ Девелопмент,2021,Москва,55.755929,37.617763
67,Аналитик,Data Analyst,12/23/20,4,,,,,Railsware,2020,Москва,55.755930,37.617764
68,Аналитик,Data Analyst,02/23/21,1,85000,100000,70000,RUR,МАГ Девелопмент,2021,Новосибирск,55.0415000,82.9346000
69,Аналитик,Data analyst,03/18/21,1,,,,,МТС,2021,Москва,55.755932,37.617766
70,Аналитик,Data Analyst,12/24/20,4,,,,,Lavin Media Inc.,2020,Киев,50.4501,30.5234
71,Аналитик,Data Analyst,03/10/21,1,,,,,Циан,2021,Москва,55.755934,37.617768
72,Аналитик,Data Analyst,05/14/21,2,85000,100000,70000,RUR,МАГ Девелопмент,2021,Москва,55.755935,37.617769
73,Аналитик,Data Analyst,03/17/21,1,150000,,150000,RUR,Dostavista Global,2021,Москва,55.755936,37.617770
74,Аналитик,Data analyst,07/28/21,3,180000,,180000,RUR,IT and Digital,2021,Санкт-Петербург,59.9386301,30.3141301
75,Аналитик,Data Analyst,06/13/21,2,85000,100000,70000,RUR,МАГ Девелопмент,2021,Москва,55.755938,37.617772
76,Аналитик,Data Analyst,05/14/21,2,85000,100000,70000,RUR,МАГ Девелопмент,2021,Новосибирск,55.0415000,82.9346000
77,Аналитик,Data Analyst,11/30/21,4,220000,,220000,RUR,Novakid Inc,2021,Санкт-Петербург,59.9386301,30.3141301
78,Аналитик,Data Analyst,11/09/21,4,300000,300000,,RUR,4CV Recruitment Services,2021,Санкт-Петербург,59.9386301,30.3141301
79,Аналитик,Data Analyst,07/23/21,3,200000,,200000,RUR,Новакид РУС,2021,Санкт-Петербург,59.9386301,30.3141301
80,Аналитик,Data Analyst,08/04/21,3,200000,,200000,RUR,Новакид РУС,2021,Минск,53.9000000,27.5666700
81,Аналитик,Data analyst,06/17/21,2,180000,,180000,RUR,IT and Digital,2021,Москва,55.755944,37.617778
82,Аналитик,Data analyst,08/07/21,3,,,,,Сбербанк,2021,Москва,55.755945,37.617779
83,Аналитик,Data Analyst,06/22/21,2,35000,50000,20000,RUR,MacBuildServer,2021,Санкт-Петербург,59.9386301,30.3141301
84,Аналитик,Data Analyst,07/05/21,3,2000,2500,1500,USD,Lavin Media Inc.,2021,Киев,50.4501,30.5234
85,Аналитик,Data Analyst,06/21/21,2,,,,,Playgendary,2021,Москва,55.755948,37.617782
86,Аналитик,Data Analyst,11/24/21,4,2000,2500,1500,USD,Lavin Media Inc.,2021,Харьков,49.9935,36.23038
87,Аналитик,Data Analyst,11/09/21,4,300000,300000,,RUR,4CV Recruitment Services,2021,Москва,55.755950,37.617784
88,Аналитик,Data Analyst,07/14/21,3,,,,,Плейджендари Девелопмент,2021,Минск,53.9000000,27.5666700
89,Аналитик,Data Analyst,10/06/21,4,200000,,200000,RUR,Novakid Inc,2021,Санкт-Петербург,59.9386301,30.3141301
90,Аналитик,Data Analyst,10/19/21,4,,,,,Самокат (ООО Умный ритейл),2021,Санкт-Петербург,59.9386301,30.3141301
91,Аналитик,Data Analyst,08/25/21,3,,,,,ЕОН ГЕЙМС,2021,Минск,53.9000000,27.5666700
92,Аналитик,Data Analyst,10/06/21,4,200000,,200000,RUR,Novakid Inc,2021,Москва,55.755955,37.617789
93,Аналитик,Data Analyst,08/22/21,3,125000,150000,100000,RUR,МАГ Девелопмент,2021,Москва,55.755956,37.617790
94,Аналитик,Data Analyst,11/17/21,4,200000,,200000,RUR,Novakid Inc,2021,Москва,55.755957,37.617791
95,Аналитик,Data Analyst,10/08/21,4,,,,,Selecty,2021,Москва,55.755958,37.617792
96,Аналитик,Data Analyst,11/30/21,4,220000,,220000,RUR,Novakid Inc,2021,Москва,55.755959,37.617793
97,Аналитик,Data Analyst,09/15/21,3,3200,4000,2400,USD,Novapulsar,2021,Москва,55.755960,37.617794
98,Аналитик,Data Analyst,10/13/21,4,,,,,Инспекторио Бел,2021,Минск,53.9000000,27.5666700
99,Аналитик,Data Analyst,11/29/21,4,,,,,Kyivstar,2021,Киев,50.4501,30.5234
100,Аналитик,Data Analyst,11/17/21,4,200000,,200000,RUR,Novakid Inc,2021,Санкт-Петербург,59.9386301,30.3141301
101,Аналитик,Data Analyst,11/23/21,4,,,,,Хайпмастерс,2021,Москва,55.755964,37.617798
102,Аналитик,Data Analyst,11/29/21,4,,,,,РБ Текнолоджи,2021,Москва,55.755965,37.617799
103,Аналитик,Data Analyst,11/29/21,4,,,,,РБ Текнолоджи,2021,Санкт-Петербург,59.9386301,30.3141301
104,Аналитик,Data Analyst,04/29/20,2,,,,,БЕТРИНГ,2020,Москва,55.755967,37.617801
105,Аналитик,Data Analyst,03/18/20,1,,,,,Леруа Мерлен,2020,Москва,55.755968,37.617802
106,Аналитик,Data Analyst,03/12/20,1,,,,,Coleman Services,2020,Москва,55.755969,37.617803
107,Аналитик,Data Analyst,03/23/20,1,,,,,Qlean,2020,Москва,55.755970,37.617804
108,Аналитик,Data Analyst,03/19/20,1,120000,,120000,RUR,Bookmate,2020,Москва,55.755971,37.617805
109,Аналитик,Data analyst,03/26/20,1,,,,,МегаФон,2020,Москва,55.755972,37.617806
110,Аналитик,Data Analyst,03/30/20,1,,,,,Vigrom Corp.,2020,Санкт-Петербург,59.9386301,30.3141301
111,Аналитик,Data Analyst,04/02/20,2,,,,,Talents In Games,2020,Москва,55.755974,37.617808
112,Аналитик,Data Analyst,06/15/20,2,,,,,Перекресток,2020,Москва,55.755975,37.617809
113,Аналитик,Data Analyst,05/07/20,2,,,,,Перфект Арт,2020,Москва,55.755976,37.617810
114,Аналитик,Data Analyst,05/15/20,2,,,,,Vigrom Corp.,2020,Санкт-Петербург,59.9386301,30.3141301
115,Аналитик,Data Analyst,05/07/20,2,,,,,Перфект Арт,2020,Санкт-Петербург,59.9386301,30.3141301
116,Аналитик,Data Analyst,04/14/20,2,,,,,МТС,2020,Москва,55.755979,37.617813
117,Аналитик,Data Analyst,04/20/20,2,,,,,OZON.ru,2020,Москва,55.755980,37.617814
118,Аналитик,Data Analyst,06/02/20,2,,,,,Grid Dynamics,2020,Санкт-Петербург,59.9386301,30.3141301
119,Аналитик,Data Analyst,04/23/20,2,,,,,Леруа Мерлен,2020,Москва,55.755982,37.617816
120,Аналитик,Data Analyst,05/14/20,2,,,,,Vigrom Corp.,2020,Москва,55.755983,37.617817
121,Аналитик,Data Analyst,05/15/20,2,,,,,МТС,2020,Москва,55.755984,37.617818
122,Аналитик,Data analyst,05/08/20,2,,,,,Самокат (ООО Умное пространство),2020,Санкт-Петербург,59.9386301,30.3141301
123,Аналитик,Data Analyst,05/18/20,2,,,,,Банк Открытие,2020,Москва,55.755986,37.617820
124,Аналитик,Data Analyst,05/21/20,2,,,,,Ozon,2020,Москва,55.755987,37.617821
125,Аналитик,Data Analyst,06/16/20,2,,,,,START.RU,2020,Москва,55.755988,37.617822
126,Аналитик,Data Analyst,06/19/20,2,,,,,Перфект Арт,2020,Москва,55.755989,37.617823
127,Аналитик,Data Analyst,06/19/20,2,,,,,Перфект Арт,2020,Санкт-Петербург,59.9386301,30.3141301
128,Аналитик,Data Analyst,06/23/20,2,,,,,Ozon,2020,Москва,55.755991,37.617825
129,Аналитик,Data Analyst,09/11/20,3,,,,,OMD OM Group,2020,Москва,55.755992,37.617826
130,Аналитик,Data Analyst,07/02/20,3,,,,,Vigrom Corp.,2020,Москва,55.755993,37.617827
131,Аналитик,Data Analyst,08/07/20,3,,,,,Air Liquide,2020,Москва,55.755994,37.617828
132,Аналитик,Data Analyst,07/02/20,3,,,,,Сбербанк,2020,Санкт-Петербург,59.9386301,30.3141301
133,Аналитик,Data analyst,09/07/20,3,,,,,РОССИЙСКИЙ НАЦИОНАЛЬНЫЙ КОММЕРЧЕСКИЙ БАНК,2020,Москва,55.755996,37.617830
134,Аналитик,Data Analyst,08/14/20,3,,,,,Каршеринг Руссия,2020,Москва,55.755997,37.617831
135,Аналитик,Data Analyst (AppCalls),09/07/20,3,,,,,Авито,2020,Москва,55.755998,37.617832
136,Аналитик,Data Analyst (AppCalls),08/03/20,3,,,,,Авито,2020,Москва,55.755999,37.617833
137,Аналитик,Data analyst (Big data team),08/27/21,3,,,,,Яндекс,2021,Москва,55.756000,37.617834
138,Аналитик,Data Analyst (Big Data),08/31/20,3,,,,,МТС,2020,Москва,55.756001,37.617835
139,Аналитик,Data Analyst (Big Data),04/13/20,2,,,,,МТС,2020,Москва,55.756002,37.617836
140,Аналитик,Data Analyst (Big Data),05/14/20,2,,,,,МТС,2020,Москва,55.756003,37.617837
141,Аналитик,Data Analyst (Data Scientist),04/27/20,2,,,,,АЙКЬЮВИА СОЛЮШНС,2020,Москва,55.756004,37.617838
142,Аналитик,Data Analyst (Data Scientist),07/16/20,3,,,,,АЙКЬЮВИА СОЛЮШНС,2020,Москва,55.756005,37.617839
143,Аналитик,Data Analyst (Fares),04/26/20,2,,,,,Ситимобил,2020,Москва,55.756006,37.617840
144,Аналитик,Data Analyst (Game),12/01/21,4,,,,,Nakusi Games,2021,Москва,55.756007,37.617841
145,Аналитик,Data Analyst (junior),11/30/21,4,,,,,Циан,2021,Москва,55.756008,37.617842
146,Аналитик,Data analyst (junior)/ Аналитик данных,09/15/21,3,,,,,Автоматизация и Консалтинг,2021,Москва,55.756009,37.617843
147,Аналитик,Data Analyst (Marketing),08/17/21,3,,,,,Nexters,2021,Минск,53.9000000,27.5666700
148,Аналитик,Data Analyst (Marketing),07/07/21,3,,,,,Nexters,2021,Москва,55.756011,37.617845
149,Аналитик,Data Analyst (Marketing),11/23/21,4,,,,,Хайкор Геймз,2021,Минск,53.9000000,27.5666700
150,Аналитик,Data Analyst (Marketing),09/22/21,3,,,,,Хайкор Геймз,2021,Минск,53.9000000,27.5666700
151,Аналитик,Data analyst (middle)/ Ведущий аналитик данных,09/15/21,3,,,,,Автоматизация и Консалтинг,2021,Москва,55.756014,37.617848
152,Аналитик,Data Analyst (Middle/Senior),07/20/20,3,,,,,NX Studio,2020,Москва,55.756015,37.617849
153,Аналитик,Data Analyst (Mobile),03/23/20,1,,,,,Skyeng,2020,Москва,55.756016,37.617850
154,Аналитик,Data Analyst (Monetization),03/23/20,1,,,,,Skyeng,2020,Москва,55.756017,37.617851
155,Аналитик,Data Analyst (Personalization) / Старший аналитик больших данных,03/22/20,1,,,,,Спортмастер,2020,Москва,55.756018,37.617852
156,Аналитик,Data Analyst (Planning),03/13/20,1,,,,,Сбербанк,2020,Санкт-Петербург,59.9386301,30.3141301
157,Аналитик,Data Analyst (Python),08/25/20,3,,,,,Альфа-Банк,2020,Москва,55.756020,37.617854
158,Аналитик,Data analyst (Python),03/31/21,1,,,,,Сбербанк,2021,Москва,55.756021,37.617855
159,Аналитик,Data analyst (Python\R),12/18/20,4,,,,,буше,2020,Санкт-Петербург,59.9386301,30.3141301
160,Аналитик,Data Analyst (Sales),03/23/20,1,,,,,Skyeng,2020,Москва,55.756023,37.617857
161,Аналитик,Data analyst (Teachers),07/30/20,3,150000,150000,,RUR,Skyeng,2020,Москва,55.756024,37.617858
162,Аналитик,Data Analyst (Аналитик данных),03/05/21,1,,,,,Luxoft,2021,Москва,55.756025,37.617859
163,Аналитик,Data analyst (Аналитик данных),05/20/20,2,,,,,Сбербанк,2020,Москва,55.756026,37.617860
164,Аналитик,Data Analyst (Аналитик данных),05/25/20,2,,,,,MANGO OFFICE,2020,Москва,55.756027,37.617861
165,Аналитик,Data analyst (ДКК 360),12/25/20,4,,,,,Сбербанк,2020,Москва,55.756028,37.617862
166,Аналитик,Data Analyst (Игровой аналитик),02/01/21,1,,,,,Комплектэнерго,2021,Москва,55.756029,37.617863
167,Аналитик,Data Analyst ('Корпоративные клиенты 360'),02/25/21,1,,,,,Сбербанк,2021,Москва,55.756030,37.617864
168,Аналитик,Data Analyst ('Корпоративные клиенты 360'),12/25/20,4,,,,,Сбербанк,2020,Москва,55.756031,37.617865
169,Аналитик,Data Analyst (проект Миграция Терадаты),07/08/21,3,,,,,Сбербанк,2021,Москва,55.756032,37.617866
170,Аналитик,Data analyst (управление Благосостоянием),04/27/20,2,,,,,Сбербанк,2020,Москва,55.756033,37.617867
171,Аналитик,Data analyst (управление Благосостоянием),07/10/20,3,,,,,Сбербанк,2020,Москва,55.756034,37.617868
172,Аналитик,Data analyst / data engineer,11/29/21,4,,,,,Сбербанк,2021,Москва,55.756035,37.617869
173,Аналитик,Data Analyst / Data Engineer / BI specialist,08/03/20,3,,,,,Decathlon,2020,Москва,55.756036,37.617870
174,Аналитик,Data Analyst / Data Scientist,05/12/21,2,,,,,АльфаСтрахование,2021,Москва,55.756037,37.617871
175,Аналитик,Data Analyst / Data Scientist,11/23/21,4,135000,200000,70000,RUR,Национальное Бюро Информатизации,2021,Москва,55.756038,37.617872
176,Аналитик,Data analyst / Data scientist,09/03/21,3,,,,,Сбербанк,2021,Москва,55.756039,37.617873
177,Аналитик,Data analyst / Data scientist,08/18/21,3,,,,,Сбербанк,2021,Москва,55.756040,37.617874
178,Аналитик,Data Analyst / Data Scientist,07/20/20,3,,,,,Э-КОМ,2020,Москва,55.756041,37.617875
179,Аналитик,Data Analyst / Data Scientist (remote),01/20/21,1,,,,,Add Talent Solutions,2021,Москва,55.756042,37.617876
180,Аналитик,Data Analyst / Engineer (ETL),04/07/20,2,,,,,AWG,2020,Москва,55.756043,37.617877
181,Аналитик,Data Analyst / Junior Data Analyst,07/02/20,3,,,,,Ozon,2020,Москва,55.756044,37.617878
182,Аналитик,Data analyst / ML engineer (Аналитик данных),08/30/20,3,,,,,Social Quantum,2020,Санкт-Петербург,59.9386301,30.3141301
183,Аналитик,Data analyst / ML engineer (Аналитик данных),08/30/20,3,,,,,Social Quantum,2020,Москва,55.756046,37.617880
184,Аналитик,Data analyst / ML engineer (Аналитик данных),10/08/21,4,,,,,Social Quantum,2021,Москва,55.756047,37.617881
185,Аналитик,Data analyst / ML engineer (Аналитик данных),04/28/20,2,,,,,Social Quantum,2020,Москва,55.756048,37.617882
186,Аналитик,Data analyst / ML engineer (Аналитик данных),04/28/20,2,,,,,Social Quantum,2020,Санкт-Петербург,59.9386301,30.3141301
187,Аналитик,Data analyst / ML engineer (Аналитик данных),05/29/20,2,,,,,Social Quantum,2020,Санкт-Петербург,59.9386301,30.3141301
188,Аналитик,Data analyst / ML engineer (Аналитик данных),05/29/20,2,,,,,Social Quantum,2020,Москва,55.756051,37.617885
189,Аналитик,Data analyst / ML engineer (Аналитик данных),07/30/20,3,,,,,Social Quantum,2020,Санкт-Петербург,59.9386301,30.3141301
190,Аналитик,Data analyst / ML engineer (Аналитик данных),07/30/20,3,,,,,Social Quantum,2020,Москва,55.756053,37.617887
191,Аналитик,Data Analyst / Аналитик базы данных,11/19/21,4,,,,,ЧП Xplorence,2021,Алматы,43.2567,76.9286
192,Аналитик,Data analyst / Аналитик данных,04/05/20,2,,,,,IQnergy,2020,Москва,55.756055,37.617889
193,Аналитик,Data analyst / Аналитик данных,04/17/20,2,,,,,Strategy Partners Group,2020,Москва,55.756056,37.617890
194,Аналитик,Data analyst / Аналитик данных,05/11/20,2,,,,,IQnergy,2020,Москва,55.756057,37.617891
195,Аналитик,Data analyst / Аналитик данных,05/18/20,2,,,,,Strategy Partners Group,2020,Москва,55.756058,37.617892
196,Аналитик,Data analyst / Аналитик данных,06/23/20,2,,,,,Strategy Partners Group,2020,Москва,55.756059,37.617893
197,Аналитик,Data analyst / Аналитик данных (Новостной мониторинг),09/10/20,3,,,,,Сбербанк,2020,Москва,55.756060,37.617894
198,Аналитик,Data Analyst / Аналитик по данным,09/03/20,3,,,,,Worldskills Russia,2020,Москва,55.756061,37.617895
199,Аналитик,Data analyst / Продуктовый аналитик,10/23/20,4,200000,,200000,RUR,Payment Systems,2020,Москва,55.756062,37.617896
200,Аналитик,Data Analyst / Продуктовый аналитик,06/06/21,2,155000,180000,130000,RUR,Photo Lab,2021,Москва,55.756063,37.617897
201,Другая специальность,PHP Laravel Lead (удалённо),04/30/21,2,250000,250000,,RUR,Zebrains,2021,Санкт-Петербург,59.9386301,30.3141301
202,Другая специальность,Postdoctoral Research​er (The Theory of​ Modern Quantum Algorithms),06/01/20,2,,,,,The Skolkovo Institute of Science and Technology,2020,Москва,55.756065,37.617899
203,Другая специальность,Product Data Science проектов,11/30/21,4,250000,250000,,RUR,Level.Travel,2021,Москва,55.756066,37.617900
204,Другая специальность,Product manager,09/13/20,3,,,,,ДомКлик,2020,Москва,55.756067,37.617901
205,Другая специальность,Product Manager,12/18/20,4,175000,200000,150000,RUR,CoMagic,2020,Москва,55.756068,37.617902
206,Другая специальность,Product Manager,09/02/20,3,,,,,Сбербанк,2020,Санкт-Петербург,59.9386301,30.3141301
207,Другая специальность,Product manager,10/01/20,4,,,,,ДомКлик,2020,Москва,55.756070,37.617904
208,Другая специальность,Product manager,10/26/20,4,100000,,100000,RUR,Topface,2020,Санкт-Петербург,59.9386301,30.3141301
209,Другая специальность,Product manager,11/09/20,4,,,,,ДомКлик,2020,Москва,55.756072,37.617906
210,Другая специальность,Product manager,12/30/20,4,,,,,ДомКлик,2020,Москва,55.756073,37.617907
211,Другая специальность,Product manager,05/18/21,2,80000,,80000,RUR,idaproject,2021,Москва,55.756074,37.617908
212,Другая специальность,Product manager,12/21/20,4,150000,200000,100000,RUR,ShinSale,2020,Москва,55.756075,37.617909
213,Другая специальность,Product manager,12/28/20,4,100000,,100000,RUR,Topface,2020,Санкт-Петербург,59.9386301,30.3141301
214,Другая специальность,Product Manager,06/07/21,2,150000,200000,100000,RUR,Blackwall,2021,Москва,55.756077,37.617911
215,Другая специальность,Product manager,03/18/21,1,100000,,100000,RUR,Topface,2021,Санкт-Петербург,59.9386301,30.3141301
216,Другая специальность,Product manager,01/27/21,1,225000,250000,200000,RUR,Homeapp,2021,Москва,55.756079,37.617913
217,Другая специальность,Product manager,02/10/21,1,100000,,100000,RUR,Topface,2021,Санкт-Петербург,59.9386301,30.3141301
218,Другая специальность,Product manager,03/04/21,1,250000,250000,,RUR,AGIMA,2021,Москва,55.756081,37.617915
219,Другая специальность,Product Manager,04/26/21,2,150000,150000,,RUR,ПЕТЕР-СЕРВИС Спецтехнологии,2021,Москва,55.756082,37.617916
220,Другая специальность,Product Manager,04/19/21,2,2500,,2500,USD,СофтПро,2021,Москва,55.756083,37.617917
221,Другая специальность,Product Manager,06/30/21,2,,,,,Кортекс,2021,Москва,55.756084,37.617918
222,Другая специальность,Product manager,06/24/20,2,,,,,ДомКлик,2020,Москва,55.756085,37.617919
223,Другая специальность,Product manager,07/27/20,3,,,,,ДомКлик,2020,Москва,55.756086,37.617920
224,Другая специальность,Product manager,08/13/20,3,200000,200000,,RUR,Homeapp,2020,Москва,55.756087,37.617921
225,Другая специальность,Product Manager,11/18/20,4,175000,200000,150000,RUR,CoMagic,2020,Москва,55.756088,37.617922
226,Другая специальность,Product Manager - Investment / Crowdfunding,12/01/21,4,,,,,LATOKEN,2021,Москва,55.756089,37.617923
227,Другая специальность,Product Manager (B2C),07/14/21,3,,,,,Skyeng,2021,Москва,55.756090,37.617924
228,Другая специальность,Product manager (Data Science),12/30/20,4,,,,,Брокеркредитсервис,2020,Москва,55.756091,37.617925
229,Другая специальность,Product Manager (Digital),11/19/20,4,,,,,Mediascope,2020,Москва,55.756092,37.617926
230,Другая специальность,Product Manager (mid-senior),09/08/20,3,,,,,Помощь интернет магазинам,2020,Москва,55.756093,37.617927
231,Другая специальность,Product Manager (mid-senior),10/30/20,4,160000,,160000,RUR,Помощь интернет магазинам,2020,Москва,55.756094,37.617928
232,Другая специальность,Product manager (Антифрод),09/13/21,3,,,,,Admitad,2021,Москва,55.756095,37.617929
233,Другая специальность,Product manager (голосовой ассистент),04/09/20,2,,,,,МТС,2020,Москва,55.756096,37.617930
234,Другая специальность,Product manager (голосовой ассистент) MTS AI,08/07/20,3,,,,,МТС,2020,Москва,55.756097,37.617931
235,Другая специальность,Product manager (голосовой ассистент) MTS AI,08/30/20,3,,,,,МТС,2020,Москва,55.756098,37.617932
236,Другая специальность,Product Manager (удаленный формат работы),08/28/20,3,,,,,HAYS,2020,Москва,55.756099,37.617933
237,Другая специальность,Product Manager (удаленный формат работы),06/25/20,2,,,,,HAYS,2020,Москва,55.756100,37.617934
238,Другая специальность,Product manager (чат-бот),04/10/20,2,,,,,МТС,2020,Москва,55.756101,37.617935
239,Другая специальность,Product Manager OZON Marketplace,05/05/20,2,,,,,OZON.ru,2020,Москва,55.756102,37.617936
240,Другая специальность,Product Manager в CoMagic,03/15/21,1,,,,,CoMagic,2021,Москва,55.756103,37.617937
241,Другая специальность,Product manager(сопровождение ML моделей),04/12/21,2,,,,,Сбербанк,2021,Москва,55.756104,37.617938
242,Другая специальность,"Product manager, Creator Acquisition",08/04/21,3,,,,,Brane,2021,Санкт-Петербург,59.9386301,30.3141301
243,Другая специальность,"Product manager, Creator Acquisition",08/04/21,3,,,,,Brane,2021,Новосибирск,55.0415000,82.9346000
244,Другая специальность,"Product manager, Creator Acquisition",08/04/21,3,,,,,Brane,2021,Алматы,43.2567,76.9286
245,Другая специальность,"Product manager, Creator Acquisition",08/04/21,3,,,,,Brane,2021,Екатеринбург,56.8386326,60.6054887
246,Другая специальность,Product Manager/ Менеджер продукта Lab4U,04/19/21,2,,,,,Ваша лаборатория,2021,Москва,55.756109,37.617943
247,Другая специальность,Product manager/CJE,03/18/21,1,,,,,Сбербанк,2021,Москва,55.756110,37.617944
248,Другая специальность,Product manager/owner,08/21/20,3,150000,180000,120000,RUR,Dexpa,2020,Москва,55.756111,37.617945
249,Другая специальность,Product marketing manager,03/17/21,1,,,,,Яндекс.Практикум,2021,Санкт-Петербург,59.9386301,30.3141301
250,Другая специальность,Product marketing manager,03/17/21,1,,,,,Яндекс.Практикум,2021,Москва,55.756113,37.617947
251,Другая специальность,Product marketing manager Skysmart,04/15/21,2,225000,300000,150000,RUR,Skyeng,2021,Москва,55.756114,37.617948
252,Другая специальность,Product Owner,04/04/21,2,,,,,idaproject,2021,Москва,55.756115,37.617949
253,Другая специальность,PHP Laravel Lead (удалённо),04/30/21,2,250000,250000,,RUR,Zebrains,2021,Санкт-Петербург,59.9386301,30.3141301
254,Другая специальность,Postdoctoral Research​er (The Theory of​ Modern Quantum Algorithms),06/01/20,2,,,,,The Skolkovo Institute of Science and Technology,2020,Москва,55.756117,37.617951
255,Другая специальность,Product Data Science проектов,11/30/21,4,250000,250000,,RUR,Level.Travel,2021,Москва,55.756118,37.617952
256,Другая специальность,Product manager,09/13/20,3,,,,,ДомКлик,2020,Москва,55.756119,37.617953
257,Другая специальность,Product Manager,12/18/20,4,175000,200000,150000,RUR,CoMagic,2020,Москва,55.756120,37.617954
258,Другая специальность,Product Manager,09/02/20,3,,,,,Сбербанк,2020,Санкт-Петербург,59.9386301,30.3141301
259,Другая специальность,Product manager,10/01/20,4,,,,,ДомКлик,2020,Москва,55.756122,37.617956
260,Инженер-программист,Junior QA Engineer for IoT Project,02/09/21,1,,,,,HiQo Solutions,2021,Санкт-Петербург,59.9386301,30.3141301
261,Инженер-программист,Junior Security Engineer,09/07/20,3,,,,,Wrike,2020,Санкт-Петербург,59.9386301,30.3141301
262,Инженер-программист,Junior Software Engineer/ Build Engineer,05/07/20,2,,,,,Itiviti (Айтивити),2020,Санкт-Петербург,59.9386301,30.3141301
263,Инженер-программист,Junior Support Engineer (L1 team),06/03/21,2,87500,100000,75000,RUR,Мирантис,2021,Москва,55.756126,37.617960
264,Инженер-программист,Junior/Middle/Senior ML Engineer (AI Lab),09/09/20,3,,,,,Сбербанк,2020,Москва,55.756127,37.617961
265,Инженер-программист,Junior/mid-level Engineer,08/06/20,3,,,,,HUAWEI,2020,Москва,55.756128,37.617962
266,Инженер-программист,Kotlin Engineer,08/12/21,3,5000,,5000,USD,Synthesized LTD,2021,Москва,55.756129,37.617963
267,Инженер-программист,Kubernetes Engineer,08/11/20,3,,,,,Тинькофф,2020,Москва,55.756130,37.617964
268,Инженер-программист,Linux Technical Support Engineer (Level 3),05/09/21,2,,,,,Cloud Linux,2021,Харьков,49.9935,36.23038
269,Инженер-программист,Linux Technical Support Engineer (Level 3),05/09/21,2,,,,,Cloud Linux,2021,Киев,50.4501,30.5234
270,Инженер-программист,Localization Engineer,01/06/21,1,,,,,Smartcat,2021,Москва,55.756133,37.617967
271,Инженер-программист,Localization Engineer,02/05/21,1,,,,,Smartcat,2021,Москва,55.756134,37.617968
272,Инженер-программист,Machine Learning - Deep Learning engineer,11/13/20,4,250000,,250000,RUR,БЕТА,2020,Санкт-Петербург,59.9386301,30.3141301
273,Инженер-программист,Machine Learning / AI / Deep Learning Engineer / Инженер машинного обучения,06/09/21,2,5500,7000,4000,USD,ShowHeroes GmbH,2021,Москва,55.756136,37.617970
274,Инженер-программист,Machine Learning / Data Science Engineer,11/26/20,4,,,,,Стрим,2020,Москва,55.756137,37.617971
275,Инженер-программист,Machine Learning Engineer,09/11/20,3,200000,200000,,RUR,Claire&Clarté,2020,Москва,55.756138,37.617972
276,Инженер-программист,Machine Learning Engineer,12/28/20,4,3400,4000,2800,EUR,Greenscreens.AI,2020,Москва,55.756139,37.617973
277,Инженер-программист,Machine Learning Engineer,03/21/21,1,4250,4500,4000,USD,IT Recruitment Solutions (ITRS.ua) ®­,2021,Киев,50.4501,30.5234
278,Инженер-программист,Machine Learning Engineer,01/11/21,1,,,,,Quantori,2021,Санкт-Петербург,59.9386301,30.3141301
279,Инженер-программист,Machine Learning Engineer,07/06/21,3,,,,,Сбербанк,2021,Москва,55.756142,37.617976
280,Инженер-программист,Machine Learning Engineer,11/24/21,4,275000,350000,200000,RUR,Nexus FrontierTech Ltd,2021,Москва,55.756143,37.617977
281,Инженер-программист,Machine Learning Engineer,07/27/21,3,275000,350000,200000,RUR,Nexus FrontierTech Ltd,2021,Москва,55.756144,37.617978
282,Инженер-программист,Machine Learning Engineer,09/07/21,3,275000,350000,200000,RUR,Nexus FrontierTech Ltd,2021,Москва,55.756145,37.617979
283,Инженер-программист,Machine Learning Engineer,08/25/21,3,,,,,Searchanise,2021,Ульяновск,54.3080674,48.3748717
284,Инженер-программист,Machine Learning Engineer,10/08/21,4,275000,350000,200000,RUR,Nexus FrontierTech Ltd,2021,Москва,55.756147,37.617981
285,Инженер-программист,Machine Learning Engineer,04/30/20,2,,,,,Botan Investments,2020,Санкт-Петербург,59.9386301,30.3141301
286,Инженер-программист,Machine Learning Engineer,05/08/20,2,,,,,Murano Software,2020,Санкт-Петербург,59.9386301,30.3141301
287,Инженер-программист,Machine Learning Engineer,05/22/20,2,,,,,Сбербанк,2020,Москва,55.756150,37.617984
288,Инженер-программист,Machine Learning Engineer,06/02/20,2,,,,,Botan Investments,2020,Санкт-Петербург,59.9386301,30.3141301
289,Инженер-программист,Machine Learning Engineer,09/06/20,3,150000,180000,120000,RUR,Инноскрипта Интернешнл,2020,Санкт-Петербург,59.9386301,30.3141301
290,Инженер-программист,Machine Learning Engineer,07/14/20,3,,,,,Botan Investments,2020,Санкт-Петербург,59.9386301,30.3141301
291,Инженер-программист,Machine Learning Engineer - Forecasting (Remote),10/14/21,4,200000,250000,150000,RUR,Agnicio,2021,Санкт-Петербург,59.9386301,30.3141301
292,Инженер-программист,Machine Learning Engineer (Computer Vision),12/24/20,4,100000,150000,50000,RUR,Tech5,2020,Москва,55.756155,37.617989
293,Инженер-программист,Machine Learning Engineer (Computer Vision),12/28/20,4,100000,150000,50000,RUR,Tech5,2020,Москва,55.756156,37.617990
294,Инженер-программист,Machine Learning Engineer (middle),09/01/21,3,,,,,Roonyx,2021,Алматы,43.2567,76.9286
295,Инженер-программист,Machine Learning Engineer (Python),07/08/21,3,4000,5000,3000,USD,Starnavi,2021,Санкт-Петербург,59.9386301,30.3141301
296,Инженер-программист,Machine Learning Engineer (Python),08/05/21,3,4000,5000,3000,USD,Starnavi,2021,Санкт-Петербург,59.9386301,30.3141301
297,Инженер-программист,Machine Learning Engineer (Python),09/08/21,3,4000,5000,3000,USD,Starnavi,2021,Санкт-Петербург,59.9386301,30.3141301
298,Инженер-программист,Machine Learning Engineer (Python),11/09/21,4,4000,5000,3000,USD,Starnavi,2021,Санкт-Петербург,59.9386301,30.3141301
299,Инженер-программист,Machine Learning Engineer (Remote/ relocate to Riga),10/06/21,4,7000,8000,6000,USD,Hunt For You,2021,Москва,55.756162,37.617996
300,Инженер-программист,Machine Learning engineer (with NLP expertise),03/08/21,1,,,,,Data Science UA,2021,Киев,50.4501,30.5234
301,Инженер-программист,Machine Learning Engineer (удаленно),08/25/21,3,,,,,Searchanise,2021,Ульяновск,54.3080674,48.3748717
302,Инженер-программист,Machine Learning Research Engineer,06/03/20,2,,,,,Botan Investments,2020,Санкт-Петербург,59.9386301,30.3141301
303,Инженер-программист,Maintenance Engineer,03/09/21,1,,,,,Мирантис,2021,Москва,55.756166,37.618000
304,Инженер-программист,Manual QA Engineer (Cyprus),06/13/20,2,1800,,1800,EUR,IBIT,2020,Москва,55.756167,37.618001
305,Инженер-программист,Manual QA Engineer / Тестировщик,07/08/20,3,50000,60000,40000,RUR,PROACTION,2020,Санкт-Петербург,59.9386301,30.3141301
306,Инженер-программист,Manual/Automation QA Engineer,12/21/20,4,,,,,ARRIVAL LTD,2020,Санкт-Петербург,59.9386301,30.3141301
307,Инженер-программист,Media Processing & Compression Senior Engineer,07/28/20,3,,,,,HUAWEI,2020,Москва,55.756170,37.618004
308,Инженер-программист,Media Processing & Compression Senior Engineer,06/19/20,2,,,,,HUAWEI,2020,Москва,55.756171,37.618005
309,Инженер-программист,Middle / Senior C++ Engineer (Computer Vision),06/21/21,2,185000,250000,120000,RUR,Xperience.ai,2021,Нижний Новгород,55.756172,37.618006
310,Инженер-программист,Middle / Senior C++ Engineer (Computer Vision),07/26/21,3,185000,250000,120000,RUR,Xperience.ai,2021,Нижний Новгород,55.756173,37.618007
311,Инженер-программист,Middle Automation QA Engineer,05/12/20,2,,,,,Ready for Sky,2020,Санкт-Петербург,59.9386301,30.3141301
312,Инженер-программист,Middle c++\python engineer,07/29/21,3,115000,150000,80000,RUR,Райтек,2021,Москва,55.756175,37.618009
313,Инженер-программист,Middle c++\python engineer,05/27/21,2,115000,150000,80000,RUR,Райтек,2021,Москва,55.756176,37.618010
314,Инженер-программист,Middle Data Engineer,08/31/20,3,95000,100000,90000,RUR,СевенПро,2020,Москва,55.756177,37.618011
315,Инженер-программист,Middle Data Engineer,11/25/21,4,215000,250000,180000,RUR,Educate Online Inc,2021,Москва,55.756178,37.618012
316,Инженер-программист,Middle Data Engineer,11/29/21,4,215000,250000,180000,RUR,Educate Online Inc,2021,Москва,55.756179,37.618013
317,Инженер-программист,Middle Data Engineer,03/12/20,1,,,,,Сбербанк,2020,Санкт-Петербург,59.9386301,30.3141301
318,Инженер-программист,Middle Data Engineer,05/14/20,2,,,,,QuadCode,2020,Санкт-Петербург,59.9386301,30.3141301
319,Инженер-программист,Middle Data Engineer,05/07/20,2,,,,,Сбербанк,2020,Санкт-Петербург,59.9386301,30.3141301
320,Инженер-программист,Middle Data Engineer,07/10/20,3,,,,,PROFI.RU,2020,Москва,55.756183,37.618017
321,Инженер-программист,Middle Data Engineer,07/12/20,3,95000,100000,90000,RUR,СевенПро,2020,Москва,55.756184,37.618018
322,Инженер-программист,Middle level Data Engineer,05/05/20,2,2850,3200,2500,USD,PeakData,2020,Москва,55.756185,37.618019
323,Инженер-программист,Middle level Data Engineer,06/22/20,2,2850,3200,2500,USD,PeakData,2020,Москва,55.756186,37.618020
324,Инженер-программист,Middle Machine Learning Engineer,07/09/21,3,,,,,Provectus,2021,Санкт-Петербург,59.9386301,30.3141301
325,Инженер-программист,Middle Machine Learning Engineer,07/09/21,3,,,,,Provectus,2021,Казань,55.7887400,49.1221400
326,Инженер-программист,Middle ML Data Engineer,09/29/21,3,,,,,Social Discovery Ventures,2021,Москва,55.756189,37.618023
327,Инженер-программист,Middle ML Engineer,10/15/21,4,,,,,Voximplant,2021,Москва,55.756190,37.618024
328,Инженер-программист,Middle ML Engineer (исследования ML Hardware) SberDevices,11/30/21,4,,,,,Сбербанк,2021,Москва,55.756191,37.618025
329,Инженер-программист,Middle Python Engineer (Remote),08/09/21,3,180000,210000,150000,RUR,Spark Equation,2021,Москва,55.756192,37.618026
330,Инженер-программист,Middle Python Engineer (Remote),11/13/21,4,180000,210000,150000,RUR,Spark Equation,2021,Санкт-Петербург,59.9386301,30.3141301
331,Инженер-программист,Middle QA Automation Engineer (Python),01/07/21,1,215000,250000,180000,RUR,Scalable Solutions,2021,Москва,55.756194,37.618028
332,Инженер-программист,Middle QA Automation Engineer (Python),02/04/21,1,,,,,Capital Recruiters,2021,Киев,50.4501,30.5234
333,Инженер-программист,Middle QA Automation Engineer (Python),07/14/21,3,215000,250000,180000,RUR,Scalable Solutions,2021,Санкт-Петербург,59.9386301,30.3141301
334,Инженер-программист,Middle QA Automation Engineer (Python),08/15/21,3,215000,250000,180000,RUR,Scalable Solutions,2021,Санкт-Петербург,59.9386301,30.3141301
335,Инженер-программист,Middle QA Automation Engineer (Python),11/27/21,4,215000,250000,180000,RUR,Scalable Solutions,2021,Москва,55.756198,37.618032
336,Инженер-программист,Middle QA Automation Engineer (Python),11/26/21,4,215000,250000,180000,RUR,Scalable Solutions,2021,Санкт-Петербург,59.9386301,30.3141301
337,Инженер-программист,Middle QA engineer,12/21/20,4,,,,,Skyeng,2020,Санкт-Петербург,59.9386301,30.3141301
338,Инженер-программист,Middle QA engineer,12/21/20,4,,,,,Skyeng,2020,Москва,55.756201,37.618035
339,Инженер-программист,Middle QA engineer,08/21/21,3,,,,,Wildix,2021,Киев,50.4501,30.5234
340,Инженер-программист,Middle QA Engineer (Payment Processing),07/02/20,3,140000,140000,,RUR,QuadCode,2020,Санкт-Петербург,59.9386301,30.3141301
341,Инженер-программист,Middle Spark Data Engineer (remote),08/23/21,3,6100,7000,5200,USD,ClearScale,2021,Москва,55.756204,37.618038
342,Инженер-программист,Middle/Senior Machine Learning Engineer,08/23/21,3,,,,,Unikoom,2021,Москва,55.756205,37.618039
343,Инженер-программист,Middle/Senior Machine Learning Engineer,07/15/21,3,,,,,Unikoom,2021,Москва,55.756206,37.618040
344,Инженер-программист,Middle/Senior ML Engineer,07/12/21,3,250000,,250000,RUR,Gradient,2021,Москва,55.756207,37.618041
345,Инженер-программист,Middle/Senior ML Engineer,09/03/21,3,150000,,150000,RUR,Gradient,2021,Москва,55.756208,37.618042
346,Инженер-программист,Middle/Senior Software Engineer,08/19/20,3,,,,,dicehub Germany,2020,Москва,55.756209,37.618043
347,Инженер-программист,ML - инженер в команду Big data,03/05/21,1,,,,,Diamond Personnel R&C,2021,Москва,55.756210,37.618044
348,Инженер-программист,Ml / Data engineer (Python Hadoop Spark),05/17/21,2,,,,,X5 RETAIL GROUP,2021,Москва,55.756211,37.618045
349,Инженер-программист,ML Android Engineer,12/01/21,4,4250,4500,4000,USD,IT Recruitment Solutions (ITRS.ua) ®­,2021,Киев,50.4501,30.5234
350,Инженер-программист,ML engineer,07/21/21,3,,,,,HUAWEI,2021,Москва,55.756213,37.618047
351,Инженер-программист,ML Engineer,04/19/21,2,,,,,"DODO BRANDS (Dodo Pizza, Drinkit, Doner 42)",2021,Москва,55.756214,37.618048
352,Инженер-программист,ML Engineer,08/30/21,3,,,,,Билайн,2021,Москва,55.756215,37.618049
353,Инженер-программист,ML Engineer,07/16/21,3,,,,,Wargaming,2021,Москва,55.756216,37.618050
354,Инженер-программист,ML Engineer,07/16/21,3,,,,,Сбербанк,2021,Москва,55.756217,37.618051
355,Программист,ГИС-программист (JavaScript / TypeScript),03/02/21,1,170000,200000,140000,RUR,МФТИ ГУ,2021,Москва,55.756218,37.618052
356,Программист,Инженер - программист 2 категории PYTHON (MIDDLE PYTHON),05/11/21,2,100000,,100000,RUR,"Моринформсистема-Агат, Концерн",2021,Москва,55.756219,37.618053
357,Программист,Инженер - программист C++,12/01/21,4,,,,,Pendulum Instruments,2021,Санкт-Петербург,59.9386301,30.3141301
358,Программист,Инженер - программист C++,02/18/21,1,115000,,115000,RUR,Pendulum Instruments,2021,Санкт-Петербург,59.9386301,30.3141301
359,Программист,Инженер - программист C++,11/24/21,4,115000,,115000,RUR,Pendulum Instruments,2021,Санкт-Петербург,59.9386301,30.3141301
360,Программист,Инженер - программист PYTHON (Junior PYTHON),06/30/21,2,65000,,65000,RUR,"Моринформсистема-Агат, Концерн",2021,Москва,55.756223,37.618057
361,Программист,Инженер - программист С++ Qt (GUI),11/19/21,4,170000,180000,160000,RUR,СИРИУС,2021,Москва,55.756224,37.618058
362,Программист,Инженер-программист,12/26/20,4,,,,,SteadyControl,2020,Санкт-Петербург,59.9386301,30.3141301
363,Программист,Инженер-программист,01/08/21,1,,,,,SteadyControl,2021,Санкт-Петербург,59.9386301,30.3141301
364,Программист,Инженер-программист,06/05/21,2,350000,450000,250000,RUR,Eurofunding Ltd.,2021,Москва,55.756227,37.618061
365,Программист,Инженер-программист,09/06/21,3,,,,,ФГУП НИИР-ЛОНИИР,2021,Санкт-Петербург,59.9386301,30.3141301
366,Программист,Инженер-программист,03/28/20,1,90000,,90000,RUR,Радиоавионика,2020,Санкт-Петербург,59.9386301,30.3141301
367,Программист,Инженер-программист,04/13/20,2,130000,140000,120000,RUR,Технологический Startup,2020,Москва,55.756230,37.618064
368,Программист,Инженер-программист,06/08/20,2,,,,,НИИМЭ,2020,Москва,55.756231,37.618065
369,Программист,Инженер-программист,07/06/20,3,30000,30000,,RUR,КБ Арсенал,2020,Санкт-Петербург,59.9386301,30.3141301
370,Программист,Инженер-программист (1320),03/26/20,1,,,,,ЦНИИАГ,2020,Москва,55.756233,37.618067
371,Программист,Инженер-программист (1320),07/15/20,3,,,,,ЦНИИАГ,2020,Москва,55.756234,37.618068
372,Программист,Инженер-программист (Python / Go / Javascript / С/C++),11/11/20,4,165000,180000,150000,RUR,STAFFTIME,2020,Москва,55.756235,37.618069
373,Программист,Инженер-программист (Python),03/31/20,1,,,,,Транспортно-логистическая группа «Трансойл»,2020,Санкт-Петербург,59.9386301,30.3141301
374,Программист,Инженер-программист (Python),04/30/20,2,,,,,Транспортно-логистическая группа «Трансойл»,2020,Санкт-Петербург,59.9386301,30.3141301
375,Программист,Инженер-программист (Python),07/23/20,3,70000,75000,65000,RUR,Специальный Технологический Центр,2020,Санкт-Петербург,59.9386301,30.3141301
376,Программист,Инженер-программист (Python) в отдел интеграции,07/17/20,3,140000,160000,120000,RUR,Alphaopen,2020,Москва,55.756239,37.618073
377,Программист,Инженер-программист (алгоритмист),04/11/20,2,115000,130000,100000,RUR,Кадровый холдинг ПРОФИЛЬ,2020,Москва,55.756240,37.618074
378,Программист,Инженер-программист // Python Dyveloper,08/25/21,3,4000,5000,3000,BYR,Асторекс Компани,2021,Минск,53.9000000,27.5666700
379,Программист,Инженер-программист 2 категории,08/23/21,3,120000,,120000,RUR,Специальный Технологический Центр,2021,Санкт-Петербург,59.9386301,30.3141301
380,Программист,"Инженер-программист 2/3 категории (микроконтроллеры Texas Instrument, НИИЭТ)",06/21/20,2,60000,75000,45000,RUR,Diakont,2020,Санкт-Петербург,59.9386301,30.3141301
381,Программист,Инженер-программист 3/2/1 категории (Python),09/07/20,3,72500,100000,45000,RUR,Diakont,2020,Санкт-Петербург,59.9386301,30.3141301
382,Программист,Инженер-программист Arduino,05/26/21,2,80500,80500,80500,RUR,Амперка,2021,Москва,55.756245,37.618079
383,Программист,Инженер-программист C++ (Qt),05/14/20,2,,,,,Группа «Кронштадт»,2020,Санкт-Петербург,59.9386301,30.3141301
384,Программист,Инженер-программист C++ (удалённая работа),05/28/21,2,,,,,ЛокоТех-Сигнал,2021,Москва,55.756247,37.618081
385,Программист,Инженер-программист C++ (удалённая работа),04/19/21,2,,,,,ЛокоТех-Сигнал,2021,Москва,55.756248,37.618082
386,Программист,Инженер-программист C++ (удалённая работа),07/08/21,3,,,,,ЛокоТех-Сигнал,2021,Москва,55.756249,37.618083
387,Программист,Инженер-программист C++ машинное зрение (удалённая работа),03/18/21,1,,,,,ЛокоТех-Сигнал,2021,Москва,55.756250,37.618084
388,Программист,"Инженер-программист data science, computer vision (middle)",07/26/20,3,,,,,"Программный Продукт, ИТ-компания",2020,Москва,55.756251,37.618085
389,Программист,Инженер-программист Machine Learning,09/01/21,3,145000,180000,110000,RUR,ТомскСофт,2021,Томск,56.4847036,84.9481737
390,Программист,Инженер-программист Python,08/31/20,3,,,,,Си Проект,2020,Санкт-Петербург,59.9386301,30.3141301
391,Программист,Инженер-программист Python,10/26/21,4,,,,,ГК Innostage,2021,Казань,55.7887400,49.1221400
392,Программист,Инженер-программист Python,10/21/21,4,175000,200000,150000,RUR,IT_Selection,2021,Москва,55.756255,37.618089
393,Программист,Инженер-программист Python,10/21/21,4,175000,200000,150000,RUR,IT_Selection,2021,Алматы,43.2567,76.9286
394,Программист,Инженер-программист Python,10/21/21,4,175000,200000,150000,RUR,IT_Selection,2021,Москва,55.756257,37.618091
395,Программист,Инженер-программист Python,10/21/21,4,175000,200000,150000,RUR,IT_Selection,2021,Москва,55.756258,37.618092
396,Программист,Инженер-программист Python,10/21/21,4,175000,200000,150000,RUR,IT_Selection,2021,Санкт-Петербург,59.9386301,30.3141301
397,Программист,Инженер-программист Python,10/21/21,4,175000,200000,150000,RUR,IT_Selection,2021,Томск,56.4847036,84.9481737
398,Программист,Инженер-программист Python (data science),08/19/20,3,,,,,"Программный Продукт, ИТ-компания",2020,Москва,55.756261,37.618095
399,Программист,Инженер-программист микроконтроллеров,09/03/21,3,125000,150000,100000,RUR,Группа компаний Навигатор,2021,Москва,55.756262,37.618096
400,Программист,Инженер-программист микроконтроллеров / Робототехник,03/17/21,1,110000,150000,70000,RUR,Погрузчик.РФ,2021,Москва,55.756263,37.618097
401,Программист,Инженер-программист С/C++,12/12/20,4,180000,180000,,RUR,STAFFTIME,2020,Москва,55.756264,37.618098
402,Программист,Инженер-программист С/C++,07/17/20,3,,,,,Spice Agency,2020,Москва,55.756265,37.618099
403,Программист,Инженер-программист С/C++,06/16/20,2,,,,,Spice Agency,2020,Москва,55.756266,37.618100
404,Программист,Инженер-программист С++ (в Москве),09/20/21,3,115000,130000,100000,RUR,Прософт-Системы,2021,Челябинск,55.1603659,61.4007858
405,Программист,Инженер-программист систем компьютерного зрения,02/18/21,1,,,,,НИИАС,2021,Санкт-Петербург,59.9386301,30.3141301
406,Программист,Инженер-программист систем компьютерного зрения,01/19/21,1,,,,,НИИАС,2021,Санкт-Петербург,59.9386301,30.3141301
407,Программист,Инженер-программист систем компьютерного зрения,03/30/21,1,,,,,НИИАС,2021,Санкт-Петербург,59.9386301,30.3141301
408,Программист,ИТ-рекрутер (по поиску программистов и исследователей),08/22/21,3,100000,,100000,RUR,Russian Quantum Center,2021,Москва,55.756271,37.618105
409,Программист,Математик-программист,08/25/20,3,,,,,Газпром нефть,2020,Санкт-Петербург,59.9386301,30.3141301
410,Программист,Математик-программист,05/28/21,2,,,,,Институт Оргэнергострой,2021,Москва,55.756273,37.618107
411,Программист,Математик-программист / Senior Data Scientist,06/10/21,2,300000,400000,200000,RUR,Джи Эс Эй Групп,2021,Санкт-Петербург,59.9386301,30.3141301
412,Программист,Математик-программист/Инженер по компьютерному зрению и обработке изображений,07/18/20,3,,,,,Медицинские Технологии Лтд.,2020,Москва,55.756275,37.618109
413,Программист,Младший (начинающий) программист lsfusion,11/27/20,4,100000,120000,80000,RUR,Ключевые ИТ Решения,2020,Москва,55.756276,37.618110
414,Программист,Младший инженер-программист,06/01/20,2,,,,,Ай-Теко (I-Teco),2020,Москва,55.756277,37.618111
415,Программист,Младший программист,01/15/21,1,50000,50000,,RUR,НТЦ Передовые Системы,2021,Москва,55.756278,37.618112
416,Программист,Младший программист C/C++,04/22/20,2,55000,60000,50000,RUR,Синтелс,2020,Москва,55.756279,37.618113
417,Программист,Младший программист C/C++,07/16/20,3,55000,60000,50000,RUR,Синтелс,2020,Москва,55.756280,37.618114
418,Программист,Младший программист JavaScript,07/07/21,3,62500,70000,55000,RUR,"АРМО, ГК",2021,Москва,55.756281,37.618115
419,Программист,Младший программист автоматизации сети Виртуального приватного облака,04/30/20,2,,,,,Selectel,2020,Санкт-Петербург,59.9386301,30.3141301
420,Программист,Младший программист в отдел исследований,07/13/20,3,60000,,60000,RUR,TrueConf,2020,Москва,55.756283,37.618117
421,Программист,Начинающий программист,07/26/20,3,40000,,40000,RUR,МАРК,2020,Москва,55.756284,37.618118
422,Программист,Начинающий программист,09/01/20,3,40000,,40000,RUR,МАРК,2020,Москва,55.756285,37.618119
423,Программист,Преподаватель детской IT-академии / программист (удаленно),11/02/21,4,50000,,50000,RUR,impact Academies&Camps,2021,Москва,55.756286,37.618120
424,Программист,Прикладной программист С++/Qt,11/30/21,4,150000,,150000,RUR,Смарт Энджинс Сервис,2021,Москва,55.756287,37.618121
425,Программист,Программист,01/12/21,1,,,,,ФГБУ ЦСП ФМБА России,2021,Москва,55.756288,37.618122
426,Программист,Программист,08/06/20,3,35000,50000,20000,RUR,ПТМК,2020,Санкт-Петербург,59.9386301,30.3141301
427,Программист,Программист,08/31/20,3,25000,25000,25000,RUR,Траектория,2020,Санкт-Петербург,59.9386301,30.3141301
428,Программист,Программист,08/19/20,3,30000,,30000,RUR,Институт телекоммуникаций,2020,Санкт-Петербург,59.9386301,30.3141301
429,Программист,Программист,09/11/20,3,145000,170000,120000,RUR,КИБЕРБОРЕЯ,2020,Москва,55.756292,37.618126
430,Программист,Программист,11/18/20,4,25000,25000,25000,RUR,Траектория,2020,Санкт-Петербург,59.9386301,30.3141301
431,Программист,Программист,11/23/20,4,62500,65000,60000,RUR,Российская государственная библиотека искусств,2020,Москва,55.756294,37.618128
432,Программист,Программист,12/27/20,4,150000,180000,120000,RUR,Электротехническая компания-Приборы Автоматики,2020,Москва,55.756295,37.618129
433,Программист,Программист,11/09/20,4,150000,180000,120000,RUR,Электротехническая компания-Приборы Автоматики,2020,Москва,55.756296,37.618130
434,Программист,Программист,12/21/20,4,130000,200000,60000,RUR,Атмосферика,2020,Москва,55.756297,37.618131
435,Программист,Программист,02/23/21,1,25000,25000,25000,RUR,Траектория,2021,Санкт-Петербург,59.9386301,30.3141301
436,Программист,Программист,12/13/20,4,50000,,50000,RUR,SEVENCOM,2020,Москва,55.756299,37.618133
437,Программист,Программист,05/31/21,2,,,,,Центр защиты информации Север,2021,Якутск,62.0280273,129.7325717
438,Программист,Программист,09/10/21,3,90000,,90000,RUR,ФГБОУ ВО РГАУ-МСХА имени К.А.Тимирязева,2021,Москва,55.756301,37.618135
439,Программист,Программист,10/01/21,4,180000,240000,120000,RUR,Кварта-Рад,2021,Москва,55.756302,37.618136
440,Программист,Программист,04/07/20,2,75000,,75000,RUR,Финансово-правовой альянс,2020,Санкт-Петербург,59.9386301,30.3141301
441,Программист,Программист,04/30/20,2,,,,,Инновационные технологии для блогеров,2020,Москва,55.756304,37.618138
442,Программист,Программист,06/08/20,2,150000,,150000,RUR,Шиловский Алексей,2020,Москва,55.756305,37.618139
443,Программист,Программист,06/11/20,2,105000,150000,60000,RUR,Атмосферика,2020,Москва,55.756306,37.618140
444,Программист,Программист,07/16/20,3,,,,,"ОВЕН, Производственное объединение",2020,Москва,55.756307,37.618141
445,Программист,Программист - алгоритмист C++,07/02/20,3,,,,,Сбербанк,2020,Москва,55.756308,37.618142
446,Программист,Программист - биостатистик,05/20/21,2,,,,,Parexel International,2021,Москва,55.756309,37.618143
447,Аналитик,Data Scientist,04/14/20,2,,,,,Лига Цифровой Экономики,2020,Москва,55.756310,37.618144
448,Аналитик,Data Scientist,04/10/20,2,90000,,90000,RUR,Click,2020,Санкт-Петербург,59.9386301,30.3141301
449,Аналитик,Data Scientist,04/12/20,2,,,,,Брокеркредитсервис,2020,Москва,55.756312,37.618146
450,Аналитик,Data scientist,04/29/20,2,100000,130000,70000,RUR,Эдвансд,2020,Москва,55.756313,37.618147
451,Аналитик,Data Scientist,04/14/20,2,110000,,110000,RUR,Цифровое проектирование,2020,Санкт-Петербург,59.9386301,30.3141301
452,Аналитик,Data Scientist,04/16/20,2,,,,,МТС,2020,Москва,55.756315,37.618149
453,Аналитик,Data scientist,04/14/20,2,,,,,Ростелеком,2020,Москва,55.756316,37.618150
454,Аналитик,Data scientist,04/27/20,2,,,,,Сбербанк,2020,Москва,55.756317,37.618151
455,Аналитик,Data Scientist,07/14/20,3,,,,,Positive Technologies,2020,Москва,55.756318,37.618152
456,Аналитик,Data Scientist,04/22/20,2,,,,,ЦРТ | Группа компаний,2020,Санкт-Петербург,59.9386301,30.3141301
457,Аналитик,Data Scientist,05/06/20,2,,,,,Почта Банк,2020,Москва,55.756320,37.618154
458,Аналитик,Data Scientist,05/16/20,2,,,,,"Северсталь, Москва",2020,Москва,55.756321,37.618155
459,Аналитик,Data Scientist,05/15/20,2,160000,160000,,RUR,Цифроматика,2020,Санкт-Петербург,59.9386301,30.3141301
460,Аналитик,Data scientist,05/20/20,2,150000,,150000,RUR,Корпорация Медицинские электронные данные,2020,Москва,55.756323,37.618157
461,Аналитик,Data scientist,06/25/20,2,,,,,DIGINETICA,2020,Москва,55.756324,37.618158
462,Аналитик,Data scientist,08/24/20,3,,,,,Банк Хоум Кредит,2020,Москва,55.756325,37.618159
463,Аналитик,Data scientist,05/14/20,2,,,,,Recruitment Boutique S.M.Art,2020,Москва,55.756326,37.618160
464,Аналитик,Data Scientist,09/04/20,3,,,,,Devim,2020,Санкт-Петербург,59.9386301,30.3141301
465,Аналитик,Data Scientist,06/15/20,2,,,,,Почта Банк,2020,Москва,55.756328,37.618162
466,Аналитик,Data Scientist,05/18/20,2,,,,,"РОСБАНК, Societe Generale Group (Russia)",2020,Москва,55.756329,37.618163
467,Аналитик,Data Scientist,05/19/20,2,,,,,МТС,2020,Москва,55.756330,37.618164
468,Аналитик,Data scientist,06/26/20,2,,,,,FBS Inc.,2020,Санкт-Петербург,59.9386301,30.3141301
469,Аналитик,Data Scientist,07/22/20,3,,,,,Первая Грузовая Компания,2020,Москва,55.756332,37.618166
470,Аналитик,Data scientist,06/09/20,2,,,,,АДВ,2020,Москва,55.756333,37.618167
471,Аналитик,Data scientist,06/01/20,2,180000,180000,,RUR,Открытые Технологии,2020,Москва,55.756334,37.618168
472,Аналитик,Data Scientist,06/02/20,2,,,,,Лидгид,2020,Москва,55.756335,37.618169
473,Аналитик,Data scientist,05/29/20,2,,,,,QIWI,2020,Москва,55.756336,37.618170
474,Аналитик,Data scientist,06/11/20,2,,,,,Сбербанк,2020,Москва,55.756337,37.618171
475,Аналитик,Data scientist,06/29/20,2,,,,,ИК СИБИНТЕК,2020,Москва,55.756338,37.618172
476,Аналитик,Data Scientist,06/02/20,2,,,,,Сбербанк,2020,Санкт-Петербург,59.9386301,30.3141301
477,Аналитик,Data Scientist,06/04/20,2,,,,,ДОМ.РФ,2020,Москва,55.756340,37.618174
478,Аналитик,Data Scientist,06/17/20,2,,,,,"Северсталь, Москва",2020,Москва,55.756341,37.618175
479,Аналитик,Data Scientist,06/13/20,2,,,,,"Глобус, Сеть гипермаркетов",2020,Москва,55.756342,37.618176
480,Аналитик,Data Scientist,08/12/20,3,,,,,Газпром нефть,2020,Санкт-Петербург,59.9386301,30.3141301
481,Аналитик,Data Scientist,07/08/20,3,,,,,Сбербанк,2020,Москва,55.756344,37.618178
482,Аналитик,Data Scientist,06/23/20,2,,,,,МаксимаТелеком,2020,Москва,55.756345,37.618179
483,Аналитик,Data Scientist,07/07/20,3,80000,,80000,RUR,Approve,2020,Москва,55.756346,37.618180
484,Аналитик,Data Scientist,08/03/20,3,,,,,Бэнкс Софт Системс,2020,Москва,55.756347,37.618181
485,Аналитик,Data Scientist,07/20/20,3,150000,180000,120000,RUR,КРИПТОН,2020,Москва,55.756348,37.618182
486,Аналитик,Data Scientist,08/31/20,3,,,,,Гринатом,2020,Москва,55.756349,37.618183
487,Аналитик,Data scientist,09/07/20,3,,,,,Recruitment Boutique S.M.Art,2020,Москва,55.756350,37.618184
488,Аналитик,Data Scientist,08/04/20,3,,,,,"Глобус, Сеть гипермаркетов",2020,Москва,55.756351,37.618185
489,Аналитик,Data Scientist,09/10/20,3,175000,200000,150000,RUR,Софтвайс,2020,Санкт-Петербург,59.9386301,30.3141301
490,Аналитик,Data Scientist,08/31/20,3,,,,,Билайн,2020,Москва,55.756353,37.618187
491,Аналитик,Data Scientist,07/19/21,3,,,,,BestDoctor,2021,Москва,55.756354,37.618188
492,Аналитик,Data Scientist,08/24/20,3,,,,,Сбербанк,2020,Москва,55.756355,37.618189
493,Аналитик,Data Scientist,08/14/20,3,,,,,Инфосистемы Джет,2020,Москва,55.756356,37.618190
494,Аналитик,Data Scientist ‎,08/09/21,3,,,,,Wargaming,2021,Москва,55.756357,37.618191
495,Аналитик,Data Scientist - NLP,03/18/20,1,,,,,DigitalHR,2020,Москва,55.756358,37.618192
496,Аналитик,Data Scientist - команда CLTV. Дивизион `Массовая персонализация`,06/16/21,2,,,,,Сбербанк,2021,Москва,55.756359,37.618193
497,Аналитик,Data Scientist - команда CLTV. Дивизион `Массовая персонализация`,07/27/21,3,,,,,Сбербанк,2021,Москва,55.756360,37.618194
498,Аналитик,Data Scientist - команда CLTV. Дивизион `Массовая персонализация`,06/25/21,2,,,,,Сбербанк,2021,Москва,55.756361,37.618195
499,Аналитик,Data Scientist (AI systems),04/20/20,2,,,,,Top Selection OÜ,2020,Москва,55.756362,37.618196
500,Аналитик,Data Scientist (AI systems),04/20/20,2,,,,,Top Selection OÜ,2020,Санкт-Петербург,59.9386301,30.3141301
501,Аналитик,Data Scientist (Amber Team),04/15/21,2,180000,,180000,RUR,Semrush,2021,Санкт-Петербург,59.9386301,30.3141301
502,Аналитик,Data Scientist (ASR),04/22/20,2,,,,,ЦРТ | Группа компаний,2020,Санкт-Петербург,59.9386301,30.3141301
503,Аналитик,Data Scientist (Big Data),07/27/20,3,,,,,МТС,2020,Москва,55.756366,37.618200
504,Аналитик,Data Scientist (Big Data),08/31/20,3,,,,,МТС,2020,Москва,55.756367,37.618201
505,Аналитик,Data Scientist (Big Data),04/13/20,2,,,,,МТС,2020,Москва,55.756368,37.618202
506,Аналитик,Data Scientist (Big Data),06/15/20,2,,,,,МТС,2020,Москва,55.756369,37.618203
507,Аналитик,Data Scientist (Big Data),05/14/20,2,,,,,МТС,2020,Москва,55.756370,37.618204
508,Аналитик,Data Scientist (CLTV),08/11/20,3,,,,,Сбербанк,2020,Санкт-Петербург,59.9386301,30.3141301
509,Аналитик,Data Scientist (CLTV),03/12/20,1,,,,,Сбербанк,2020,Санкт-Петербург,59.9386301,30.3141301
510,Аналитик,Data Scientist (Computer Vision),07/30/20,3,,,,,Тинькофф,2020,Москва,55.756373,37.618207
511,Аналитик,Data Scientist (Computer Vision),12/27/20,4,,,,,Tech5,2020,Москва,55.756374,37.618208
512,Аналитик,Data Scientist (Computer Vision),01/12/21,1,,,,,Сбербанк,2021,Москва,55.756375,37.618209
513,Аналитик,Data Scientist (Computer Vision),03/31/21,1,130000,200000,60000,RUR,Город Иннополис,2021,Новосибирск,55.0415000,82.9346000
514,Аналитик,Data Scientist (Computer Vision),12/07/20,4,,,,,Сбербанк,2020,Москва,55.756377,37.618211
515,Аналитик,Data Scientist (computer vision),02/26/21,1,,,,,Prequel,2021,Москва,55.756378,37.618212
516,Аналитик,Data Scientist (Computer Vision),03/31/21,1,130000,200000,60000,RUR,Город Иннополис,2021,Санкт-Петербург,59.9386301,30.3141301
517,Аналитик,Data Scientist (Computer Vision),04/26/21,2,130000,200000,60000,RUR,Город Иннополис,2021,Санкт-Петербург,59.9386301,30.3141301
518,Аналитик,Data Scientist (Computer Vision),06/19/21,2,75000,90000,60000,RUR,ФГУП ГосНИИАС,2021,Москва,55.756381,37.618215
519,Аналитик,Data Scientist (Computer Vision),10/03/21,4,75000,90000,60000,RUR,ФГУП ГосНИИАС,2021,Москва,55.756382,37.618216
520,Аналитик,Data Scientist (Computer Vision),10/18/21,4,,,,,ЛАНИТ,2021,Москва,55.756383,37.618217
521,Аналитик,Data Scientist (Computer Vision),03/18/20,1,,,,,МТС,2020,Москва,55.756384,37.618218
522,Аналитик,Data Scientist (Computer Vision),04/24/20,2,,,,,МТС,2020,Москва,55.756385,37.618219
523,Аналитик,Data Scientist (Computer Vision),06/30/20,2,,,,,Аванта,2020,Москва,55.756386,37.618220
524,Аналитик,Data Scientist (Computer Vision),08/05/20,3,,,,,МТС,2020,Москва,55.756387,37.618221
525,Аналитик,Data Scientist (Computer Vision),05/18/20,2,,,,,ЛЕТА,2020,Москва,55.756388,37.618222
526,Аналитик,Data Scientist (Computer Vision),06/05/20,2,,,,,МТС,2020,Москва,55.756389,37.618223
527,Аналитик,Data Scientist (Computer Vision),09/12/20,3,145000,200000,90000,RUR,Tevian (ООО Технологии видеоанализа),2020,Москва,55.756390,37.618224
528,Аналитик,Data Scientist (Computer Vision) - Junior,11/19/20,4,,,,,ФГУП ГосНИИАС,2020,Москва,55.756391,37.618225
529,Аналитик,Data Scientist (Computer Vision) - Junior,11/28/21,4,75000,90000,60000,RUR,ФГУП ГосНИИАС,2021,Москва,55.756392,37.618226
530,Аналитик,Data Scientist (Computer Vision) Middle,11/27/21,4,240000,300000,180000,RUR,Агентство КИТ Консалт,2021,Москва,55.756393,37.618227
531,Аналитик,"Data Scientist (Computer Vision, Deep Learning)",06/21/21,2,,,,,"Hi, Rockits!",2021,Москва,55.756394,37.618228
532,Аналитик,"Data Scientist (Computer Vision, Deep Learning)",06/03/21,2,,,,,Star-staff,2021,Москва,55.756395,37.618229
533,Аналитик,"Data Scientist (Computer vision, NLP)",01/25/21,1,,,,,IHS Global,2021,Москва,55.756396,37.618230
534,Аналитик,"Data Scientist (Computer vision, NLP) - Syntagma Team",04/02/21,2,,,,,IHS Global,2021,Москва,55.756397,37.618231
535,Аналитик,Data Scientist (Customer Marketing field),11/18/21,4,,,,,IDT Technologies,2021,Минск,53.9000000,27.5666700
536,Аналитик,Data scientist (data science),03/19/20,1,,,,,ИБМ Восточная Европа/Азия - IBM EE/A,2020,Москва,55.756399,37.618233
537,Аналитик,Data Scientist (EY Technology),09/02/20,3,,,,,EY (Эрнст энд Янг),2020,Москва,55.756400,37.618234
538,Аналитик,Data Scientist (EY Technology),08/03/20,3,,,,,EY (Эрнст энд Янг),2020,Москва,55.756401,37.618235
539,Аналитик,Data Scientist (family office),08/24/20,3,,,,,"585, Холдинг",2020,Москва,55.756402,37.618236
540,Аналитик,Data Scientist (FinTech),04/06/20,2,,,,,МТС,2020,Москва,55.756403,37.618237
541,Аналитик,Data Scientist (GameDev),08/09/20,3,,,,,Panoramik,2020,Санкт-Петербург,59.9386301,30.3141301
542,Аналитик,Data Scientist (HR data),09/02/20,3,,,,,"Северсталь, Москва",2020,Москва,55.756405,37.618239
543,Аналитик,Data Scientist (HR data),07/17/20,3,,,,,"Северсталь, Москва",2020,Москва,55.756406,37.618240
544,Аналитик,Data scientist (HR-платформа),12/25/20,4,,,,,Сбербанк,2020,Москва,55.756407,37.618241
545,Аналитик,Data Scientist (Internal Audit),09/11/20,3,,,,,"РОСБАНК, Societe Generale Group (Russia)",2020,Москва,55.756408,37.618242
546,Аналитик,Data Scientist (junior),01/13/21,1,,,,,РАБЛЗ,2021,Москва,55.756409,37.618243
547,Аналитик,Data Scientist (Junior),08/25/21,3,1500,,1500,USD,IT_Selection,2021,Москва,55.756410,37.618244
548,Аналитик,Data Scientist (Junior),07/23/21,3,1500,,1500,USD,IT_Selection,2021,Москва,55.756411,37.618245
549,Аналитик,Data Scientist (Junior),09/27/21,3,57500,80000,35000,RUR,Строительный Двор,2021,Москва,55.756412,37.618246
550,Аналитик,Data Scientist (Junior),11/12/21,4,2000,2000,,USD,IT_Selection,2021,Москва,55.756413,37.618247
551,Аналитик,Data Scientist (Junior),04/30/20,2,,,,,"МАГНИТ, Розничная сеть",2020,Москва,55.756414,37.618248
552,Аналитик,"Data Scientist (junior, удаленно)",11/26/21,4,80000,80000,,RUR,ZeBrains,2021,Москва,55.756415,37.618249
553,Аналитик,Data Scientist (Junior+/Middle),08/20/21,3,,,,,Admitad,2021,Москва,55.756416,37.618250
554,Аналитик,Data Scientist (Limassol),07/02/20,3,,,,,Easybrain,2020,Москва,55.756417,37.618251
555,Аналитик,Data Scientist (Machine Learning),03/16/20,1,,,,,Сбербанк,2020,Москва,55.756418,37.618252
556,Аналитик,Data Scientist (Machine Learning),04/08/20,2,,,,,Сбербанк,2020,Москва,55.756419,37.618253
557,Аналитик,Data Scientist (Marketing Analytics tool) Remote,02/08/21,1,180000,,180000,RUR,Semrush,2021,Новосибирск,55.0415000,82.9346000
558,Аналитик,"Data Scientist (Marketing Analytics tool), Remote",01/31/21,1,180000,,180000,RUR,Semrush,2021,Санкт-Петербург,59.9386301,30.3141301
559,Аналитик,"Data Scientist (Marketing Analytics tool), Remote",02/08/21,1,180000,,180000,RUR,Semrush,2021,Москва,55.756422,37.618256
560,Аналитик,Data Scientist (middle or senior),07/14/21,3,500000,500000,,RUR,РАБЛЗ,2021,Москва,55.756423,37.618257
561,Аналитик,Data Scientist (Middle),08/14/20,3,,,,,ANCOR FinTech,2020,Москва,55.756424,37.618258
562,Аналитик,Data Scientist (Middle),08/10/20,3,,,,,Сбербанк,2020,Санкт-Петербург,59.9386301,30.3141301
563,Аналитик,Data Scientist (middle),08/26/20,3,,,,,Группа компаний SRG,2020,Москва,55.756426,37.618260
564,Аналитик,Data Scientist (Middle),08/24/20,3,,,,,MyTona,2020,Санкт-Петербург,59.9386301,30.3141301
565,Аналитик,Data Scientist (middle),09/10/20,3,,,,,Rambler Group,2020,Москва,55.756428,37.618262
566,Аналитик,Data Scientist (Middle),09/11/20,3,,,,,Сбербанк,2020,Санкт-Петербург,59.9386301,30.3141301
567,Аналитик,Data Scientist (Middle),09/04/20,3,,,,,ANCOR FinTech,2020,Москва,55.756430,37.618264
568,Аналитик,Data Scientist (middle),03/23/21,1,180000,180000,,RUR,Открытые Технологии,2021,Москва,55.756431,37.618265
569,Аналитик,Data Scientist (Middle),09/24/21,3,3000,3000,,USD,IT_Selection,2021,Москва,55.756432,37.618266
570,Аналитик,Data Scientist (Middle),08/25/21,3,3000,3000,,USD,IT_Selection,2021,Москва,55.756433,37.618267
571,Аналитик,Data Scientist (Middle),10/25/21,4,3000,3000,,USD,IT_Selection,2021,Москва,55.756434,37.618268
572,Аналитик,Data scientist (middle),09/27/21,3,,,,,Циан,2021,Москва,55.756435,37.618269
573,Аналитик,Data Scientist (Middle),07/23/21,3,3000,3000,,USD,IT_Selection,2021,Москва,55.756436,37.618270
574,Аналитик,Data scientist (middle),04/28/20,2,150000,150000,,RUR,Открытые Технологии,2020,Москва,55.756437,37.618271
575,Аналитик,Data Scientist (Middle),06/29/20,2,,,,,ANCOR FinTech,2020,Москва,55.756438,37.618272
576,Аналитик,Data Scientist (Middle),07/29/20,3,,,,,ANCOR FinTech,2020,Москва,55.756439,37.618273
577,Аналитик,Data scientist (middle),06/29/20,2,150000,150000,,RUR,Открытые Технологии,2020,Москва,55.756440,37.618274
578,Аналитик,Data Scientist (middle),07/08/20,3,,,,,Сбербанк,2020,Москва,55.756441,37.618275
579,Аналитик,Data Scientist (Middle),07/23/20,3,,,,,MyTona,2020,Санкт-Петербург,59.9386301,30.3141301
580,Аналитик,Data Scientist (Middle),07/08/20,3,,,,,Сбербанк,2020,Санкт-Петербург,59.9386301,30.3141301
581,Аналитик,Data scientist (middle/senior),10/28/21,4,,,,,РТ Лабс,2021,Москва,55.756444,37.618278
582,Аналитик,Data Scientist (Middle\Senior),04/15/21,2,200000,250000,150000,RUR,COMPAREX,2021,Москва,55.756445,37.618279
583,Аналитик,Data Scientist (ML / Data mining),03/25/21,1,,,,,Click,2021,Санкт-Петербург,59.9386301,30.3141301
584,Аналитик,Data scientist (ML модели корпоративного бизнеса),05/19/20,2,,,,,Банк ВТБ (ПАО),2020,Москва,55.756447,37.618281
585,Аналитик,Data scientist (ML модели),11/26/21,4,,,,,IQsоft,2021,Новосибирск,55.0415000,82.9346000
586,Аналитик,"Data scientist (ML, HR-платформа)",04/01/21,2,,,,,Сбербанк,2021,Москва,55.756449,37.618283
587,Аналитик,Data Scientist (ML/CV),08/20/20,3,190000,200000,180000,RUR,Искусственный интеллект,2020,Москва,55.756450,37.618284
588,Аналитик,Data Scientist (Montenegro),09/04/20,3,,,,,LIBERTEX,2020,Москва,55.756451,37.618285
589,Аналитик,Data Scientist (NLP),07/29/20,3,,,,,Сбербанк,2020,Москва,55.756452,37.618286
590,Аналитик,Data Scientist (NLP),01/29/21,1,200000,230000,170000,RUR,Разработчик решений по обработке данных,2021,Москва,55.756453,37.618287
591,Аналитик,Data Scientist (NLP),09/04/20,3,,,,,Сбербанк,2020,Москва,55.756454,37.618288
592,Аналитик,Data Scientist (NLP),12/30/20,4,,,,,ЦРТ | Группа компаний,2020,Санкт-Петербург,59.9386301,30.3141301
593,Аналитик,Data Scientist (NLP),02/24/21,1,,,,,Сбербанк,2021,Москва,55.756456,37.618290
594,Аналитик,Data Scientist (NLP),01/12/21,1,,,,,Сбербанк,2021,Москва,55.756457,37.618291
595,Аналитик,Data scientist (NLP),12/22/20,4,,,,,ТРИНИТИ,2020,Москва,55.756458,37.618292
596,Аналитик,Data scientist (NLP),12/28/20,4,,,,,МегаФон,2020,Екатеринбург,56.8386326,60.6054887
597,Аналитик,Data Scientist (NLP),03/29/21,1,,,,,Сбербанк,2021,Москва,55.756460,37.618294
598,Аналитик,Data scientist (NLP),05/12/21,2,,,,,МегаФон,2021,Москва,55.756461,37.618295
599,Аналитик,Data scientist (NLP),08/17/21,3,,,,,МегаФон,2021,Москва,55.756462,37.618296
600,Аналитик,Data Scientist (NLP),09/25/21,3,,,,,К-Скай,2021,Санкт-Петербург,59.9386301,30.3141301
601,Аналитик,Data scientist (NLP),09/10/21,3,,,,,МегаФон,2021,Москва,55.756464,37.618298
602,Аналитик,Data Scientist (NLP),04/29/20,2,250000,250000,,RUR,Платформа ОФД,2020,Москва,55.756465,37.618299
603,Аналитик,Data scientist (NLP),03/23/20,1,,,,,Сбербанк,2020,Москва,55.756466,37.618300
604,Аналитик,Data Scientist (NLP),04/09/20,2,,,,,ЦРТ | Группа компаний,2020,Санкт-Петербург,59.9386301,30.3141301
605,Аналитик,Data scientist (NLP) - Sberbank AI Lab,07/27/20,3,,,,,Сбербанк,2020,Москва,55.756468,37.618302
606,Аналитик,Data scientist (NLP) - Sberbank AI Lab,08/17/20,3,,,,,Сбербанк,2020,Москва,55.756469,37.618303
607,Аналитик,Data scientist (NLP) - Sberbank AI Lab,04/27/20,2,,,,,Сбербанк,2020,Москва,55.756470,37.618304
608,Аналитик,Data scientist (NLP) - Sberbank AI Lab,05/07/20,2,,,,,Сбербанк,2020,Москва,55.756471,37.618305
609,Аналитик,Data scientist (NLP) - Sberbank AI Lab,06/19/20,2,,,,,Сбербанк,2020,Москва,55.756472,37.618306
610,Аналитик,Data scientist (NLP) - Sberbank AI Lab,06/29/20,2,,,,,Сбербанк,2020,Москва,55.756473,37.618307
611,Аналитик,Data Scientist (NLP) / Аналитик,05/05/20,2,,,,,MillionAgents,2020,Москва,55.756474,37.618308
612,Аналитик,Data Scientist (NLP) в Розничный блок,11/18/21,4,,,,,Сбербанк,2021,Москва,55.756475,37.618309
613,Аналитик,"Data scientist (NLP, HR-платформа)",04/01/21,2,,,,,Сбербанк,2021,Москва,55.756476,37.618310
614,Аналитик,"Data scientist (NLP, Фабрика моделей)",05/17/21,2,,,,,Сбербанк,2021,Москва,55.756477,37.618311
615,Аналитик,"Data scientist (NLP, Фабрика моделей)",06/22/21,2,,,,,Сбербанк,2021,Москва,55.756478,37.618312
616,Аналитик,Data scientist (NLP/OCR/CV),08/07/20,3,,,,,Сбербанк,2020,Москва,55.756479,37.618313
617,Аналитик,Data scientist (NLP/OCR/CV),09/08/20,3,,,,,Сбербанк,2020,Москва,55.756480,37.618314
618,Аналитик,Data scientist (NLP/OCR/CV),12/25/20,4,,,,,Сбербанк,2020,Москва,55.756481,37.618315
619,Аналитик,Data scientist (NLP/OCR/CV),05/17/21,2,,,,,Сбербанк,2021,Москва,55.756482,37.618316
620,Аналитик,Data Scientist (Pricing),09/23/21,3,,,,,Ситимобил,2021,Москва,55.756483,37.618317
621,Аналитик,Data Scientist (Python),10/18/21,4,350000,350000,,RUR,Glassford Global,2021,Москва,55.756484,37.618318
622,Аналитик,Data Scientist (recommender systems),08/20/20,3,,,,,Центр программ лояльности,2020,Москва,55.756485,37.618319
623,Аналитик,Data Scientist (recommender systems),07/09/20,3,,,,,Центр программ лояльности,2020,Москва,55.756486,37.618320
624,Аналитик,Data scientist (Rec-Sys. HR-платформа),04/01/21,2,,,,,Сбербанк,2021,Москва,55.756487,37.618321
625,Аналитик,Data‌ Scientist (relationship with clients),11/09/21,4,,,,,Леруа Мерлен,2021,Москва,55.756488,37.618322
626,Аналитик,Data Scientist (remote),07/23/21,3,,,,,"Velvetech, LLC",2021,Новосибирск,55.0415000,82.9346000
627,Аналитик,Data Scientist (remote),05/17/21,2,,,,,"Velvetech, LLC",2021,Новосибирск,55.0415000,82.9346000
628,Аналитик,Data Scientist (remote),05/17/21,2,,,,,"Velvetech, LLC",2021,Санкт-Петербург,59.9386301,30.3141301
629,Аналитик,Data Scientist (remote),07/23/21,3,,,,,"Velvetech, LLC",2021,Санкт-Петербург,59.9386301,30.3141301
630,Аналитик,Data Scientist (Risks & Antifraud),06/01/20,2,,,,,Finbridge,2020,Москва,55.756493,37.618327
631,Аналитик,Data scientist (SberData),09/16/21,3,,,,,Сбербанк,2021,Москва,55.756494,37.618328
632,Аналитик,Data Scientist (Time Series),07/22/21,3,,,,,DigitalHR,2021,Москва,55.756495,37.618329
633,Аналитик,Data Scientist (to Canada),07/08/20,3,,,,,Star-staff,2020,Москва,55.756496,37.618330
634,Аналитик,Data Scientist (Validation),09/08/20,3,,,,,"РОСБАНК, Societe Generale Group (Russia)",2020,Москва,55.756497,37.618331
635,Аналитик,Data Scientist (Аналитик больших данных),04/14/20,2,,,,,ANCOR FinTech,2020,Москва,55.756498,37.618332
636,Аналитик,Data Scientist (Аналитик данных),08/26/21,3,,,,,Группа НЛМК,2021,Москва,55.756499,37.618333
637,Аналитик,Data scientist (аналитик данных),06/28/21,2,,,,,КонсультантПлюс,2021,Москва,55.756500,37.618334
638,Аналитик,Data Scientist (Аналитик данных),09/27/21,3,,,,,Группа НЛМК,2021,Москва,55.756501,37.618335
639,Аналитик,Data Scientist (Аналитик),11/22/21,4,,,,,МКК Срочноденьги,2021,Москва,55.756502,37.618336
640,Аналитик,Data scientist (аналитик/ моделист),09/08/20,3,,,,,Star-staff,2020,Москва,55.756503,37.618337
641,Аналитик,Data scientist (аналитик/ моделист),04/10/20,2,,,,,Star-staff,2020,Москва,55.756504,37.618338
642,Аналитик,Data scientist (аналитик/ моделист),06/08/20,2,,,,,Star-staff,2020,Москва,55.756505,37.618339
643,Аналитик,Data Scientist (Антиспам Почты),11/24/21,4,,,,,VK,2021,Москва,55.756506,37.618340
644,Аналитик,Data Scientist (блок риски),08/15/20,3,,,,,Сбербанк,2020,Москва,55.756507,37.618341
645,Аналитик,Data scientist (блок Управление Благосостоянием),05/26/21,2,,,,,Сбербанк,2021,Москва,55.756508,37.618342
646,Аналитик,Data Scientist (в розничный бизнес),09/28/21,3,,,,,Сбербанк,2021,Москва,55.756509,37.618343
647,Аналитик,Data Scientist (в розничный бизнес),11/08/21,4,,,,,Сбербанк,2021,Москва,55.756510,37.618344
648,Аналитик,Data Scientist (в Сочи),09/22/21,3,,,,,Сбербанк,2021,Москва,55.756511,37.618345
649,Аналитик,Data scientist (Департамент кибербезопасности),07/02/20,3,,,,,Сбербанк,2020,Москва,55.756512,37.618346
650,Аналитик,Data Scientist (Дивизион «Массовая персонализация»),06/26/20,2,,,,,Сбербанк,2020,Москва,55.756513,37.618347
651,Аналитик,Data scientist (инфраструктурное направление),05/24/21,2,,,,,Зест-персонал,2021,Москва,55.756514,37.618348
652,Аналитик,Data scientist (Исследователь данных),07/12/21,3,,,,,Сбербанк,2021,Москва,55.756515,37.618349
653,Аналитик,Data scientist (Исследователь данных),06/03/21,2,,,,,Сбербанк,2021,Москва,55.756516,37.618350
654,Аналитик,Data Scientist (клиентская аналитика),08/31/20,3,,,,,МегаФон,2020,Москва,55.756517,37.618351
655,Аналитик,Data Scientist (клиентская аналитика),04/24/20,2,,,,,МегаФон,2020,Москва,55.756518,37.618352
656,Аналитик,Data Scientist (клиентская аналитика),05/25/20,2,,,,,МегаФон,2020,Москва,55.756519,37.618353
657,Аналитик,Data Scientist (клиентская аналитика),07/24/20,3,,,,,МегаФон,2020,Москва,55.756520,37.618354
658,Аналитик,Data Scientist (Клиентский сервис),05/20/21,2,,,,,Билайн,2021,Москва,55.756521,37.618355
659,Аналитик,Data Scientist (команда Поиска),08/09/21,3,,,,,HeadHunter,2021,Москва,55.756522,37.618356
660,Аналитик,Data Scientist (Комплаенс),04/22/20,2,,,,,Сбербанк,2020,Москва,55.756523,37.618357
661,Аналитик,Data Scientist (компьютерное зрение),03/31/21,1,235000,400000,70000,RUR,Дип Системс,2021,Москва,55.756524,37.618358
662,Аналитик,Data Scientist (компьютерное зрение),06/01/21,2,235000,400000,70000,RUR,Дип Системс,2021,Москва,55.756525,37.618359
663,Аналитик,Data scientist (Маркетинг),08/12/20,3,,,,,Сбербанк,2020,Москва,55.756526,37.618360
664,Аналитик,Data scientist (Маркетинг),03/16/20,1,,,,,Сбербанк,2020,Москва,55.756527,37.618361
665,Аналитик,Data scientist (Маркетинг),04/22/20,2,,,,,Сбербанк,2020,Москва,55.756528,37.618362
666,Аналитик,Data Scientist (математик-аналитик),08/11/21,3,,,,,Seldon,2021,Нижний Новгород,55.756529,37.618363
667,Аналитик,Data Scientist (ментор),09/09/21,3,,,,,GeekBrains,2021,Москва,55.756530,37.618364
668,Аналитик,Data Scientist (моделирования розничных рисков),07/14/20,3,,,,,Газпромбанк,2020,Москва,55.756531,37.618365
669,Аналитик,Data scientist (моделист) центра внутрикорпоративного взаимодействия,08/09/21,3,,,,,Сбербанк,2021,Москва,55.756532,37.618366
670,Аналитик,Data scientist (моделист) центра внутрикорпоративного взаимодействия,09/17/21,3,,,,,Сбербанк,2021,Москва,55.756533,37.618367
671,Аналитик,Data Scientist (платформа рекомендательных систем) в Массоую персонализацию,04/08/20,2,,,,,Сбербанк,2020,Москва,55.756534,37.618368
672,Аналитик,Data Scientist (Продукт Sber.NBA),03/23/21,1,,,,,Сбербанк,2021,Москва,55.756535,37.618369
673,Аналитик,Data Scientist (продукт Асконс),06/15/20,2,,,,,Сбербанк,2020,Москва,55.756536,37.618370
674,Аналитик,Data scientist (работа с изображениями),07/14/20,3,,,,,ЕВА клиник,2020,Санкт-Петербург,59.9386301,30.3141301
675,Аналитик,Data Scientist (разработка скоринговых моделей),06/15/20,2,,,,,МТС Банк,2020,Москва,55.756538,37.618372
676,Аналитик,Data scientist (розничные риски),11/19/21,4,,,,,Ак Барс Банк,2021,Казань,55.7887400,49.1221400
677,Аналитик,Data scientist (розничные риски),08/19/21,3,,,,,Ак Барс Банк,2021,Казань,55.7887400,49.1221400
678,Аналитик,Data Scientist (розничный блок),11/22/21,4,,,,,Сбербанк,2021,Москва,55.756541,37.618375
679,Аналитик,Data Scientist (Руководитель направления),03/26/21,1,,,,,Сбербанк,2021,Москва,55.756542,37.618376
680,Аналитик,Data scientist (Сберсоветник),09/01/20,3,,,,,Сбербанк,2020,Москва,55.756543,37.618377
681,Аналитик,"Data Scientist (Сириус, Сочи)",09/07/21,3,,,,,Сбербанк,2021,Москва,55.756544,37.618378
682,Аналитик,Data scientist (скоринговые и ML модели),09/28/21,3,,,,,Отличные наличные,2021,Москва,55.756545,37.618379
683,Аналитик,Data scientist (скоринговые и ML модели),11/26/21,4,,,,,Отличные наличные,2021,Москва,55.756546,37.618380
684,Аналитик,Data Scientist (СМБ/КИБ),07/01/21,3,,,,,"Иннотех, Группа компаний",2021,Москва,55.756547,37.618381
685,Аналитик,Data scientist (Собственные продажи),06/18/21,2,,,,,Ozon,2021,Москва,55.756548,37.618382
686,Аналитик,Data Scientist (стажер),01/28/21,1,,,,,Первая Грузовая Компания,2021,Москва,55.756549,37.618383
687,Аналитик,Data Scientist (стажер),01/19/21,1,30000,,30000,RUR,Университет Цифровых Технологий,2021,Москва,55.756550,37.618384
688,Аналитик,Data Scientist (стажер),04/09/20,2,,,,,МегаФон,2020,Москва,55.756551,37.618385
689,Аналитик,"Data Scientist (Транзакционный бизнес, корпоративный блок)",09/01/20,3,,,,,Сбербанк,2020,Москва,55.756552,37.618386
690,Аналитик,Data Scientist (удаленно),02/02/21,1,,,,,ГК InnoSTage,2021,Казань,55.7887400,49.1221400
691,Аналитик,Data Scientist (удаленно),09/15/21,3,225000,300000,150000,RUR,"Hi, Rockits!",2021,Москва,55.756554,37.618388
692,Аналитик,Data Scientist (Управление внутреннего аудита),03/17/21,1,,,,,Сбербанк,2021,Москва,55.756555,37.618389
693,Аналитик,Data scientist (Центр акционерного риска),09/01/20,3,,,,,Сбербанк,2020,Москва,55.756556,37.618390
694,Аналитик,Data Scientist (Центр вал. мод. серв. бл. и экосистемы),04/27/20,2,,,,,Сбербанк,2020,Москва,55.756557,37.618391
695,Аналитик,Data Scientist (Центр валидации корп.риски),05/18/21,2,,,,,Сбербанк,2021,Москва,55.756558,37.618392
696,Аналитик,Data scientist (Центр валидации моделей банковской и торговой книги),08/17/20,3,,,,,Сбербанк,2020,Москва,55.756559,37.618393
697,Аналитик,Data scientist (Центр валидации моделей КИБ),08/17/20,3,,,,,Сбербанк,2020,Москва,55.756560,37.618394
698,Аналитик,Data scientist (Центр валидации моделей КИБ),07/20/20,3,,,,,Сбербанк,2020,Москва,55.756561,37.618395
699,Аналитик,Data scientist (Центр валидации моделей розничного бизнеса),05/20/21,2,,,,,Сбербанк,2021,Москва,55.756562,37.618396
700,Аналитик,Data scientist (Центр валидации моделей розничного бизнеса),08/20/21,3,,,,,Сбербанк,2021,Москва,55.756563,37.618397
701,Аналитик,Data scientist (Центр валидации моделей розничного бизнеса),09/21/21,3,,,,,Сбербанк,2021,Москва,55.756564,37.618398
702,Аналитик,Data scientist (Центр валидации моделей розничного бизнеса),05/20/20,2,,,,,Сбербанк,2020,Москва,55.756565,37.618399
703,Аналитик,Data scientist (Центр валидации моделей розничного бизнеса),08/17/20,3,,,,,Сбербанк,2020,Москва,55.756566,37.618400
704,Аналитик,Data scientist (Центр валидации моделей розничного бизнеса),07/20/20,3,,,,,Сбербанк,2020,Москва,55.756567,37.618401
705,Аналитик,Data Scientist (Центр валидации моделей сервисных блоков и экосистемы),08/17/20,3,,,,,Сбербанк,2020,Москва,55.756568,37.618402
706,Аналитик,Data Scientist (Центр валидации моделей сервисных блоков и экосистемы),05/20/20,2,,,,,Сбербанк,2020,Москва,55.756569,37.618403
707,Аналитик,Data Scientist (Центр валидации моделей сервисных блоков и экосистемы),07/20/20,3,,,,,Сбербанк,2020,Москва,55.756570,37.618404
708,Аналитик,Data scientist (Центр по исследованию данных),08/27/20,3,,,,,Сбербанк,2020,Москва,55.756571,37.618405
709,Аналитик,Data scientist (Центр по исследованию данных),06/10/21,2,,,,,Сбербанк,2021,Москва,55.756572,37.618406
710,Аналитик,Data scientist (Центр по исследованию данных),05/20/20,2,,,,,Сбербанк,2020,Москва,55.756573,37.618407
711,Аналитик,Data scientist (Центр по исследованию данных),06/23/20,2,,,,,Сбербанк,2020,Москва,55.756574,37.618408
712,Аналитик,Data scientist (Центр по исследованию данных),07/20/20,3,,,,,Сбербанк,2020,Москва,55.756575,37.618409
713,Аналитик,Data scientist (Центр развития платформы Sber.DS),09/03/20,3,,,,,Сбербанк,2020,Москва,55.756576,37.618410
714,Аналитик,Data scientist (Центр развития платформы Sber.DS),08/17/20,3,,,,,Сбербанк,2020,Москва,55.756577,37.618411
715,Аналитик,Data Scientist (эксперт по аналитическим данным),05/19/21,2,,,,,ANCOR,2021,Москва,55.756578,37.618412
716,Аналитик,Data Scientist (Эксперт по аналитическим данным),03/16/20,1,,,,,"Миррико, Группа Компаний",2020,Москва,55.756579,37.618413
717,Аналитик,Data scientist / analyst,09/09/20,3,,,,,Ростелеком,2020,Москва,55.756580,37.618414
718,Аналитик,Data scientist / analyst,09/04/20,3,,,,,Ростелеком,2020,Москва,55.756581,37.618415
719,Аналитик,Data Scientist / Data Analyst (DS Team),11/16/21,4,200000,,200000,RUR,Semrush,2021,Санкт-Петербург,59.9386301,30.3141301
720,Аналитик,Data Scientist / Data Engineer,03/25/21,1,150000,,150000,RUR,Баззула Интернет Технологии,2021,Москва,55.756583,37.618417
721,Веб-разработчик,​​​​​​​ DevOps Lead (SberData Cloud Integration),03/15/20,1,,,,,Сбербанк,2020,Москва,55.756584,37.618418
722,Веб-разработчик,Administrator Linux/DevOps,06/22/20,2,,,,,Сбербанк,2020,Москва,55.756585,37.618419
723,Веб-разработчик,Automation Infrastructure DevOPS Engineer,08/24/20,3,,,,,DINS,2020,Санкт-Петербург,59.9386301,30.3141301
724,Веб-разработчик,Automation Infrastructure DevOPS Engineer,06/22/20,2,,,,,DINS,2020,Санкт-Петербург,59.9386301,30.3141301
725,Веб-разработчик,Automation Software Engineer (DevOps),05/12/20,2,,,,,COMTEK Inc.,2020,Санкт-Петербург,59.9386301,30.3141301
726,Веб-разработчик,AWS DevOps,04/22/21,2,5000,6000,4000,USD,Top Remote Talent,2021,Москва,55.756589,37.618423
727,Веб-разработчик,AWS DevOps Engineer (Middle/ Senior) Remote,04/17/21,2,3750,4500,3000,USD,Pixellu,2021,Москва,55.756590,37.618424
728,Веб-разработчик,Backend Data Engineer,07/25/21,3,,,,,Wargaming,2021,Москва,55.756591,37.618425
729,Веб-разработчик,Backend Engineer,06/02/21,2,300000,,300000,RUR,NVIDIA,2021,Москва,55.756592,37.618426
730,Веб-разработчик,"Backend Engineer (Python, Django)",09/30/21,3,3500,4000,3000,USD,Ergeon,2021,Санкт-Петербург,59.9386301,30.3141301
731,Веб-разработчик,"Backend Engineer (Python, Django)",10/10/21,4,3500,4000,3000,USD,Ergeon,2021,Санкт-Петербург,59.9386301,30.3141301
732,Веб-разработчик,"Backend Engineer (Python, Django)",10/10/21,4,3500,4000,3000,USD,Ergeon,2021,Санкт-Петербург,59.9386301,30.3141301
733,Веб-разработчик,"Backend Engineer (Python, Django)",10/10/21,4,3500,4000,3000,USD,Ergeon,2021,Санкт-Петербург,59.9386301,30.3141301
734,Веб-разработчик,"Backend Engineer, Microservices - Infrastructure",09/02/21,3,260000,,260000,RUR,NVIDIA,2021,Москва,55.756597,37.618431
735,Веб-разработчик,Back-end javascript программист,07/08/20,3,140000,150000,130000,RUR,ВойсЛинк,2020,Москва,55.756598,37.618432
736,Веб-разработчик,Backend Lead (Python),08/09/21,3,6000,6000,,USD,Wanted,2021,Санкт-Петербург,59.9386301,30.3141301
737,Веб-разработчик,Back-end python программист,04/29/21,2,,,,,ВойсЛинк,2021,Москва,55.756600,37.618434
738,Веб-разработчик,Back-end Python/Django в сильный проект на всю страну,07/23/20,3,115000,150000,80000,RUR,БВС,2020,Санкт-Петербург,59.9386301,30.3141301
739,Веб-разработчик,Back-end Python/Django в сильный проект на всю страну,07/23/20,3,115000,150000,80000,RUR,БВС,2020,Москва,55.756602,37.618436
740,Веб-разработчик,Back-end Python/Django в сильный проект на всю страну,08/25/20,3,115000,150000,80000,RUR,БВС,2020,Москва,55.756603,37.618437
741,Веб-разработчик,Backend QA Automation Engineer (Python),01/08/21,1,,,,,Voximplant,2021,Москва,55.756604,37.618438
742,Веб-разработчик,Backend QA Team Lead,07/22/21,3,2500,,2500,EUR,EXANTE,2021,Санкт-Петербург,59.9386301,30.3141301
743,Веб-разработчик,Backend QA Team Lead,07/01/21,3,2500,,2500,EUR,EXANTE,2021,Москва,55.756606,37.618440
744,Веб-разработчик,"Backend Software Engineer (Java, Kotlin)",01/12/21,1,,,,,2ГИС,2021,Новосибирск,55.0415000,82.9346000
745,Веб-разработчик,"Backend Software Engineer (Java, Kotlin)",03/31/21,1,,,,,2ГИС,2021,Новосибирск,55.0415000,82.9346000
746,Веб-разработчик,Backend Team Lead,05/14/21,2,,,,,К-Скай,2021,Санкт-Петербург,59.9386301,30.3141301
747,Веб-разработчик,Backend Team Lead,06/21/21,2,,,,,К-Скай,2021,Санкт-Петербург,59.9386301,30.3141301
748,Веб-разработчик,Backend программист,02/06/21,1,40000,,40000,RUR,X-LAB,2021,Москва,55.756611,37.618445
749,Веб-разработчик,Backend программист (Python),02/10/21,1,,,,,Электронная торговая площадка Газпромбанка,2021,Москва,55.756612,37.618446
750,Веб-разработчик,Backend Программист (Python),09/03/21,3,1850,2200,1500,USD,Life Vision,2021,Москва,55.756613,37.618447
751,Веб-разработчик,Backend программист junior,04/20/21,2,27500,40000,15000,RUR,Закиров Азат Александрович,2021,Москва,55.756614,37.618448
752,Веб-разработчик,"Backend программист, Rust",08/10/21,3,200000,,200000,RUR,Крибрум,2021,Москва,55.756615,37.618449
753,Веб-разработчик,Backend/DevOps Engineer,11/09/21,4,3500,4000,3000,USD,"Neatsy, Inc.",2021,Москва,55.756616,37.618450
754,Веб-разработчик,Backend-программист (Node.js),08/04/20,3,70000,,70000,RUR,Квантрон,2020,Санкт-Петербург,59.9386301,30.3141301
755,Веб-разработчик,Backend-стажёр в юнит Advertising (Go),01/29/21,1,40000,40000,40000,RUR,Авито,2021,Москва,55.756618,37.618452
756,Веб-разработчик,Backend-стажёр в юнит Авито.Недвижимость (Go/PHP),02/01/21,1,40000,40000,40000,RUR,Авито,2021,Москва,55.756619,37.618453
757,Веб-разработчик,Backend-стажёр в юнит разработки Geo,01/15/21,1,40000,40000,40000,RUR,Авито,2021,Москва,55.756620,37.618454
758,Веб-разработчик,BigData DevOps Engineer,09/04/20,3,,,,,Luxoft,2020,Санкт-Петербург,59.9386301,30.3141301
759,Веб-разработчик,Build / DevOps инженер,04/13/20,2,75000,85000,65000,RUR,Эмзиор,2020,Санкт-Петербург,59.9386301,30.3141301
760,Веб-разработчик,Build / DevOps инженер,07/03/20,3,50000,,50000,RUR,Эмзиор,2020,Санкт-Петербург,59.9386301,30.3141301
761,Веб-разработчик,Build Engineer / DevOps,12/16/20,4,,,,,GridGain Systems,2020,Санкт-Петербург,59.9386301,30.3141301
762,Веб-разработчик,CG программист (WebGL),06/23/20,2,,,,,Группа компаний «Триумф»,2020,Москва,55.756625,37.618459
763,Веб-разработчик,CG программист (WebGL),07/06/20,3,80000,120000,40000,RUR,Группа компаний «Триумф»,2020,Москва,55.756626,37.618460
764,Веб-разработчик,Configuration Manager / DevOps Engineer,07/06/20,3,,,,,Кофакс,2020,Санкт-Петербург,59.9386301,30.3141301
765,Веб-разработчик,Configuration Manager/DevOps Engineer,01/11/21,1,,,,,ARRIVAL LTD,2021,Санкт-Петербург,59.9386301,30.3141301
766,Веб-разработчик,Configuration Manager/DevOps Engineer,12/03/20,4,,,,,ARRIVAL LTD,2020,Санкт-Петербург,59.9386301,30.3141301
767,Веб-разработчик,Cистемный инженер Linux / DevOps инженер,11/25/21,4,4250,5000,3500,USD,Voronova I.N,2021,Киев,50.4501,30.5234
768,Веб-разработчик,Data Engineer DevOps,11/23/21,4,7500,10000,5000,EUR,Гук С.В.,2021,Минск,53.9000000,27.5666700
769,Веб-разработчик,Data/Web Scraping Engineer (удаленно),07/30/21,3,6000,6000,,USD,Кадровое агентство Алексея Сухорукова,2021,Новосибирск,55.0415000,82.9346000
770,Веб-разработчик,Deployment engineer / DevOps,07/21/20,3,,,,,Wargaming,2020,Санкт-Петербург,59.9386301,30.3141301
771,Веб-разработчик,DevOps,06/03/21,2,300000,300000,,RUR,KINDDA,2021,Нижний Новгород,55.756634,37.618468
772,Веб-разработчик,DevOps,03/16/21,1,180000,,180000,RUR,Адва,2021,Москва,55.756635,37.618469
773,Веб-разработчик,DevOps,01/23/21,1,180000,,180000,RUR,Адва,2021,Москва,55.756636,37.618470
774,Веб-разработчик,DevOps,12/10/20,4,5500,7000,4000,USD,HR Development,2020,Москва,55.756637,37.618471
775,Веб-разработчик,DevOps,02/08/21,1,,,,,Кузница Кадров,2021,Москва,55.756638,37.618472
776,Веб-разработчик,DevOps,01/27/21,1,,,,,MERLION,2021,Москва,55.756639,37.618473
777,Веб-разработчик,DevOps,04/19/21,2,200000,,200000,RUR,Progressive Mind,2021,Москва,55.756640,37.618474
778,Веб-разработчик,DevOps,05/14/21,2,,,,,Atomic Protocol Systems OU,2021,Санкт-Петербург,59.9386301,30.3141301
779,Веб-разработчик,DevOps,05/31/21,2,200000,,200000,RUR,Progressive Mind,2021,Москва,55.756642,37.618476
780,Веб-разработчик,DevOps,11/19/21,4,3000,,3000,EUR,Employcity,2021,Казань,55.7887400,49.1221400
781,Веб-разработчик,DevOps,05/20/21,2,,,,,AWG,2021,Москва,55.756644,37.618478
782,Веб-разработчик,DevOps,09/06/21,3,300000,300000,,RUR,Selecty,2021,Москва,55.756645,37.618479
783,Веб-разработчик,DevOps,09/08/21,3,,,,,Innovative People,2021,Москва,55.756646,37.618480
784,Веб-разработчик,DevOps,11/19/21,4,3000,,3000,EUR,Employcity,2021,Нижний Новгород,55.756647,37.618481
785,Веб-разработчик,Devops,03/17/20,1,,,,,Сбербанк,2020,Санкт-Петербург,59.9386301,30.3141301
786,Веб-разработчик,Devops,03/27/20,1,,,,,Сбербанк - Технологии,2020,Санкт-Петербург,59.9386301,30.3141301
787,Веб-разработчик,Devops,04/08/20,2,,,,,Mediascope,2020,Москва,55.756650,37.618484
788,Веб-разработчик,DevOps,04/08/20,2,,,,,Сбербанк - Технологии,2020,Санкт-Петербург,59.9386301,30.3141301
789,Веб-разработчик,DevOps,06/05/20,2,165000,180000,150000,RUR,Группа Компаний MVS,2020,Санкт-Петербург,59.9386301,30.3141301
790,Веб-разработчик,DevOps,06/11/20,2,,,,,Ростелеком Информационные Технологии,2020,Москва,55.756653,37.618487
791,Веб-разработчик,DevOps,07/07/20,3,,,,,"EPAM Systems, Inc.",2020,Москва,55.756654,37.618488
792,Веб-разработчик,DeVops,07/16/20,3,,,,,"РОСБАНК, Societe Generale Group (Russia)",2020,Москва,55.756655,37.618489
793,Веб-разработчик,DevOps,06/28/21,2,,,,,WILDBERRIES,2021,Санкт-Петербург,59.9386301,30.3141301
794,Веб-разработчик,DevOps,06/28/21,2,,,,,WILDBERRIES,2021,Нижний Новгород,55.756657,37.618491
795,Веб-разработчик,DevOps,06/28/21,2,,,,,WILDBERRIES,2021,Екатеринбург,56.8386326,60.6054887
796,Веб-разработчик,DevOps,06/28/21,2,,,,,WILDBERRIES,2021,Москва,55.756659,37.618493
797,Веб-разработчик,DevOps,07/17/20,3,,,,,Ростелеком,2020,Москва,55.756660,37.618494
798,Веб-разработчик,DevOps - specialist,10/11/21,4,340000,340000,,RUR,Wanted,2021,Москва,55.756661,37.618495
799,Веб-разработчик,DevOps - инженер АС (СберПортал),07/16/20,3,,,,,Сбербанк - Технологии,2020,Москва,55.756662,37.618496
800,Веб-разработчик,DevOps - инженер АС (СберПортал),07/10/20,3,,,,,Сбербанк,2020,Москва,55.756663,37.618497
801,Веб-разработчик,DevOps (Big Data),08/05/20,3,,,,,МТС,2020,Москва,55.756664,37.618498
802,Веб-разработчик,DevOps (CI),07/06/20,3,210000,,210000,RUR,ВижнЛабс (VisionLabs),2020,Москва,55.756665,37.618499
803,Веб-разработчик,DevOps (GCP) Engineer,01/12/21,1,3750,4500,3000,USD,Шпак Виктория Сергеевна,2021,Москва,55.756666,37.618500
804,Веб-разработчик,DevOps (IT4IT),05/20/20,2,,,,,"ОТП Банк, АО (OTP bank)",2020,Москва,55.756667,37.618501
805,Веб-разработчик,Devops (Kubernetes) удаленно,10/20/21,4,350000,350000,,RUR,StormWall™,2021,Москва,55.756668,37.618502
806,Веб-разработчик,Devops (Kubernetes) удаленно,11/29/21,4,350000,350000,,RUR,StormWall™,2021,Москва,55.756669,37.618503
807,Веб-разработчик,DevOps (Monitoring Systems),05/01/20,2,,,,,Сбербанк,2020,Москва,55.756670,37.618504
808,Веб-разработчик,DevOps (MoveON),04/27/20,2,,,,,T-Systems RUS,2020,Санкт-Петербург,59.9386301,30.3141301
809,Веб-разработчик,DevOps (Remote),01/15/21,1,,,,,Кадровое агентство Алексея Сухорукова,2021,Новосибирск,55.0415000,82.9346000
810,Веб-разработчик,"DevOps (Remote, Part Time)",01/15/21,1,2000,,2000,USD,Кадровое агентство Алексея Сухорукова,2021,Новосибирск,55.0415000,82.9346000
811,Веб-разработчик,DevOps (центр AI),09/03/20,3,,,,,МТС,2020,Москва,55.756674,37.618508
812,Веб-разработчик,DevOps / Build-Engineer (SberDevices),07/07/20,3,,,,,Сбербанк,2020,Москва,55.756675,37.618509
813,Веб-разработчик,DevOps / Infrastructure Engineer / Инженер по инфраструктуре,06/30/20,2,150000,,150000,RUR,HitHunt,2020,Санкт-Петербург,59.9386301,30.3141301
814,Веб-разработчик,DevOps / SRE,09/21/21,3,6350,7000,5700,USD,Top Remote Talent,2021,Москва,55.756677,37.618511
815,Веб-разработчик,DevOps / SRE,10/21/21,4,6350,7000,5700,USD,Top Remote Talent,2021,Москва,55.756678,37.618512
816,Веб-разработчик,DevOps / SRE,11/30/21,4,6350,7000,5700,USD,Top Remote Talent,2021,Москва,55.756679,37.618513
817,Веб-разработчик,DevOps / SRE for Infrastructure team [Remote],06/05/20,2,,,,,Cloud Linux,2020,Москва,55.756680,37.618514
818,Веб-разработчик,"DevOps / Systems Development Engineer (Mid/Senior, AWS)",11/27/21,4,4500,6000,3000,USD,Ennabl Inc,2021,Минск,53.9000000,27.5666700
819,Веб-разработчик,"DevOps / Systems Development Engineer (Mid/Senior, AWS, Remote)",11/22/21,4,4500,6000,3000,USD,Ennabl Inc,2021,Москва,55.756682,37.618516
820,Веб-разработчик,DevOps engeneer,08/16/21,3,,,,,Т1 Консалтинг,2021,Москва,55.756683,37.618517
821,Веб-разработчик,DevOps Engineer,08/10/20,3,,,,,Netcracker Technology Corp.,2020,Санкт-Петербург,59.9386301,30.3141301
822,Веб-разработчик,DevOps engineer,08/17/20,3,,,,,ЕФО,2020,Санкт-Петербург,59.9386301,30.3141301
823,Веб-разработчик,DevOps Engineer,08/17/20,3,,,,,Лаборатория Касперского,2020,Москва,55.756686,37.618520
